--
-- PostgreSQL database dump
--

-- Dumped from database version 13.4 (Debian 13.4-1.pgdg110+1)
-- Dumped by pg_dump version 13.4 (Debian 13.4-1.pgdg110+1)

SET statement_timeout = 0;
SET lock_timeout = 0;
SET idle_in_transaction_session_timeout = 0;
SET client_encoding = 'UTF8';
SET standard_conforming_strings = on;
SELECT pg_catalog.set_config('search_path', '', false);
SET check_function_bodies = false;
SET xmloption = content;
SET client_min_messages = warning;
SET row_security = off;

--
-- Name: weather_data_schema; Type: SCHEMA; Schema: -; Owner: docker
--

CREATE SCHEMA weather_data_schema;


ALTER SCHEMA weather_data_schema OWNER TO docker;

--
-- Name: world_air_quality_schema; Type: SCHEMA; Schema: -; Owner: docker
--

CREATE SCHEMA world_air_quality_schema;


ALTER SCHEMA world_air_quality_schema OWNER TO docker;

SET default_tablespace = '';

SET default_table_access_method = heap;

--
-- Name: nairobi_7d_temp_forecast; Type: TABLE; Schema: weather_data_schema; Owner: docker
--

CREATE TABLE weather_data_schema.nairobi_7d_temp_forecast (
    observation_date date,
    day_0 double precision,
    day_1 double precision,
    day_2 double precision,
    day_3 double precision,
    day_4 double precision,
    day_5 double precision,
    day_6 double precision,
    day_7 double precision
);


ALTER TABLE weather_data_schema.nairobi_7d_temp_forecast OWNER TO docker;

--
-- Name: nairobi_7d_temp_forecast_dates; Type: TABLE; Schema: weather_data_schema; Owner: docker
--

CREATE TABLE weather_data_schema.nairobi_7d_temp_forecast_dates (
    observation_date date,
    day_0 date,
    day_1 date,
    day_2 date,
    day_3 date,
    day_4 date,
    day_5 date,
    day_6 date,
    day_7 date
);


ALTER TABLE weather_data_schema.nairobi_7d_temp_forecast_dates OWNER TO docker;

--
-- Name: air_quality_01_01_2022; Type: TABLE; Schema: world_air_quality_schema; Owner: docker
--

CREATE TABLE world_air_quality_schema.air_quality_01_01_2022 (
    ogc_fid integer,
    city character varying,
    lat double precision,
    lng double precision,
    country character varying,
    wkb_geometry public.geometry(Point,4326),
    air_quality_int integer,
    air_quality_str character varying
);


ALTER TABLE world_air_quality_schema.air_quality_01_01_2022 OWNER TO docker;

--
-- Name: air_quality_02_01_2022; Type: TABLE; Schema: world_air_quality_schema; Owner: docker
--

CREATE TABLE world_air_quality_schema.air_quality_02_01_2022 (
    ogc_fid integer,
    city character varying,
    lat double precision,
    lng double precision,
    country character varying,
    wkb_geometry public.geometry(Point,4326),
    air_quality_int integer,
    air_quality_str character varying
);


ALTER TABLE world_air_quality_schema.air_quality_02_01_2022 OWNER TO docker;

--
-- Name: air_quality_03_01_2022; Type: TABLE; Schema: world_air_quality_schema; Owner: docker
--

CREATE TABLE world_air_quality_schema.air_quality_03_01_2022 (
    ogc_fid integer,
    city character varying,
    lat double precision,
    lng double precision,
    country character varying,
    wkb_geometry public.geometry(Point,4326),
    air_quality_int integer,
    air_quality_str character varying
);


ALTER TABLE world_air_quality_schema.air_quality_03_01_2022 OWNER TO docker;

--
-- Name: air_quality_05_01_2022; Type: TABLE; Schema: world_air_quality_schema; Owner: docker
--

CREATE TABLE world_air_quality_schema.air_quality_05_01_2022 (
    ogc_fid integer,
    city character varying,
    lat double precision,
    lng double precision,
    country character varying,
    wkb_geometry public.geometry(Point,4326),
    air_quality_int integer,
    air_quality_str character varying
);


ALTER TABLE world_air_quality_schema.air_quality_05_01_2022 OWNER TO docker;

--
-- Name: air_quality_31_12_2021; Type: TABLE; Schema: world_air_quality_schema; Owner: docker
--

CREATE TABLE world_air_quality_schema.air_quality_31_12_2021 (
    ogc_fid integer,
    city character varying,
    lat double precision,
    lng double precision,
    country character varying,
    wkb_geometry public.geometry(Point,4326),
    air_quality_int integer,
    air_quality_str character varying
);


ALTER TABLE world_air_quality_schema.air_quality_31_12_2021 OWNER TO docker;

--
-- Data for Name: nairobi_7d_temp_forecast; Type: TABLE DATA; Schema: weather_data_schema; Owner: docker
--

COPY weather_data_schema.nairobi_7d_temp_forecast (observation_date, day_0, day_1, day_2, day_3, day_4, day_5, day_6, day_7) FROM stdin;
2021-12-30	24.2	24.43	24.54	25.44	25.36	25.58	25.76	23.47
2022-01-01	25.04	25.24	24.95	26.25	26.06	25.66	24.73	25.13
2022-01-02	24.37	24.72	25.71	25.6	25.29	25.37	25.64	25.19
2022-01-03	25.03	25.76	25.76	25.34	25.04	25.03	25.25	24.02
2022-01-05	22.19	25.89	24.58	24.4	24.63	24.54	24.17	24.18
\.


--
-- Data for Name: nairobi_7d_temp_forecast_dates; Type: TABLE DATA; Schema: weather_data_schema; Owner: docker
--

COPY weather_data_schema.nairobi_7d_temp_forecast_dates (observation_date, day_0, day_1, day_2, day_3, day_4, day_5, day_6, day_7) FROM stdin;
2021-12-30	2021-12-30	2021-12-31	2022-01-01	2022-01-02	2022-01-03	2022-01-04	2022-01-05	2022-01-06
2022-01-01	2022-01-01	2022-01-02	2022-01-03	2022-01-04	2022-01-05	2022-01-06	2022-01-07	2022-01-08
2022-01-02	2022-01-02	2022-01-03	2022-01-04	2022-01-05	2022-01-06	2022-01-07	2022-01-08	2022-01-09
2022-01-03	2022-01-03	2022-01-04	2022-01-05	2022-01-06	2022-01-07	2022-01-08	2022-01-09	2022-01-10
2022-01-05	2022-01-05	2022-01-06	2022-01-07	2022-01-08	2022-01-09	2022-01-10	2022-01-11	2022-01-12
\.


--
-- Data for Name: air_quality_01_01_2022; Type: TABLE DATA; Schema: world_air_quality_schema; Owner: docker
--

COPY world_air_quality_schema.air_quality_01_01_2022 (ogc_fid, city, lat, lng, country, wkb_geometry, air_quality_int, air_quality_str) FROM stdin;
4	Seoul	37.56	126.99	Korea, South	0101000020E61000008FC2F5285CBF5F4048E17A14AEC74240	1	Good
12	Tehran	35.7	51.4167	Iran	0101000020E6100000211FF46C56B549409A99999999D94140	2	Moderate
6	Beijing	39.905	116.3914	China	0101000020E6100000E2E995B20C195D40A4703D0AD7F34340	2	Moderate
19	Kuala Lumpur	3.1478	101.6953	Malaysia	0101000020E61000002A3A92CB7F6C594058CA32C4B12E0940	2	Moderate
27	Baghdad	33.35	44.4167	Iraq	0101000020E6100000211FF46C56354640CDCCCCCCCCAC4040	2	Moderate
30	Ankara	39.93	32.85	Turkey	0101000020E6100000CDCCCCCCCC6C4040D7A3703D0AF74340	2	Moderate
33	Abidjan	5.3364	-4.0267	Côte D’Ivoire	0101000020E61000007A36AB3E571B10C0637FD93D79581540	2	Moderate
37	Algiers	36.7764	3.0586	Algeria	0101000020E6100000645DDC4603780840A54E401361634240	2	Moderate
53	Baku	40.3667	49.8352	Azerbaijan	0101000020E610000042CF66D5E7EA4840BBB88D06F02E4440	2	Moderate
56	Phnom Penh	11.5696	104.921	Cambodia	0101000020E61000006DE7FBA9F13A5A406B9A779CA2232740	2	Moderate
64	Asunción	-25.3	-57.6333	Paraguay	0101000020E6100000454772F90FD14CC0CDCCCCCCCC4C39C0	2	Moderate
74	Muscat	23.6139	58.5922	Oman	0101000020E61000007958A835CD4B4D40B003E78C289D3740	2	Moderate
7	Cairo	30.0561	31.2394	Egypt	0101000020E610000093A98251493D3F403C4ED1915C0E3E40	3	Unhealthy for Sensitive Group
31	Rangoon	16.8	96.15	Myanmar	0101000020E61000009A99999999095840CDCCCCCCCCCC3040	3	Unhealthy for Sensitive Group
49	Guatemala City	14.6099	-90.5252	Guatemala	0101000020E6100000FDF675E09CA156C02AA913D044382D40	3	Unhealthy for Sensitive Group
72	Kampala	0.3136	32.5811	Uganda	0101000020E610000051DA1B7C614A40406EA301BC0512D43F	3	Unhealthy for Sensitive Group
73	Ouagadougou	12.3572	-1.5353	Burkina Faso	0101000020E6100000E3C798BB9690F8BF2D431CEBE2B62840	3	Unhealthy for Sensitive Group
76	Ulaanbaatar	47.9203	106.9172	Mongolia	0101000020E610000009F9A067B3BA5A402041F163CCF54740	3	Unhealthy for Sensitive Group
11	Dhaka	23.7289	90.3944	Bangladesh	0101000020E6100000B7627FD93D995640ED0DBE3099BA3740	4	Unhealthy
20	Hanoi	21.0245	105.8412	Vietnam	0101000020E61000004B598638D6755A4083C0CAA145063540	4	Unhealthy
21	Hong Kong	22.305	114.185	Hong Kong	0101000020E6100000A4703D0AD78B5C40AE47E17A144E3640	5	Very Unhealthy
54	Harare	-17.8292	31.0522	Zimbabwe	0101000020E6100000E8D9ACFA5C0D3F40DCD7817346D431C0	5	Very Unhealthy
38	Addis Ababa	9.0272	38.7369	Ethiopia	0101000020E610000011363CBD525E434004E78C28ED0D2240	6	Hazardous
2	Jakarta	-6.2146	106.8451	Indonesia	0101000020E610000060764F1E16B65A40EBE2361AC0DB18C0	1	Good
85	Nay Pyi Taw	19.7475	96.115	Myanmar	0101000020E61000008FC2F5285C0758408FC2F5285CBF3340	2	Moderate
97	Ashgabat	37.95	58.3833	Turkmenistan	0101000020E6100000454772F90F314D409A99999999F94240	2	Moderate
107	Freetown	8.4833	-13.2331	Sierra Leone	0101000020E61000002C6519E258772AC04850FC1873F72040	2	Moderate
109	Bangui	4.3732	18.5628	Central African Republic	0101000020E610000055302AA91390324003780B24287E1140	2	Moderate
114	Zagreb	45.8	15.95	Croatia	0101000020E61000006666666666E62F406666666666E64640	2	Moderate
122	Athens	37.9842	23.7281	Greece	0101000020E6100000B537F8C264BA3740925CFE43FAFD4240	2	Moderate
123	Bujumbura	-3.3825	29.3611	Burundi	0101000020E6100000EA95B20C715C3D408FC2F5285C0F0BC0	2	Moderate
132	San Salvador	13.6989	-89.1914	El Salvador	0101000020E6100000151DC9E53F4C56C04B598638D6652B40	2	Moderate
138	Tirana	41.33	19.82	Albania	0101000020E610000052B81E85EBD133400AD7A3703DAA4440	2	Moderate
141	Beirut	33.8869	35.5131	Lebanon	0101000020E6100000EFC9C342ADC1414044696FF085F14040	2	Moderate
148	Nicosia	35.1725	33.365	Cyprus	0101000020E61000001F85EB51B8AE4040AE47E17A14964140	2	Moderate
98	Niamey	13.5086	2.1111	Niger	0101000020E61000004FAF946588E30040BF7D1D3867042B40	3	Unhealthy for Sensitive Group
82	Abuja	9.0556	7.4914	Nigeria	0101000020E61000008104C58F31F71D40B1506B9A771C2240	4	Unhealthy
94	Nouakchott	18.0858	-15.9785	Mauritania	0101000020E6100000A245B6F3FDF42FC02EFF21FDF6153240	5	Very Unhealthy
3	Manila	14.6	120.9833	Philippines	0101000020E6100000098A1F63EE3E5E403333333333332D40	1	Good
191	Monaco	43.7396	7.4069	Monaco	0101000020E610000038F8C264AAA01D40910F7A36ABDE4540	2	Moderate
198	Vaduz	47.1415	9.5215	Liechtenstein	0101000020E61000005EBA490C020B2340273108AC1C924740	2	Moderate
223	San Marino	43.932	12.4484	San Marino	0101000020E6100000840D4FAF94E528409EEFA7C64BF74540	2	Moderate
199	Banjul	13.4531	-16.5775	Gambia, The	0101000020E6100000A4703D0AD79330C09CA223B9FCE72A40	3	Unhealthy for Sensitive Group
175	Praia	14.9177	-23.5092	Cabo Verde	0101000020E61000008A1F63EE5A8237C012143FC6DCD52D40	4	Unhealthy
171	New Delhi	28.7	77.2	India	0101000020E6100000CDCCCCCCCC4C53403333333333B33C40	6	Hazardous
22	Khartoum	15.6031	32.5265	Sudan	0101000020E610000008AC1C5A64434040696FF085C9342F40	2	Moderate
58	Bamako	12.6458	-7.9922	Mali	0101000020E6100000645DDC4603F81FC07B832F4CA64A2940	2	Moderate
63	Bucharest	44.4	26.0833	Romania	0101000020E6100000BEC1172653153A403333333333334640	2	Moderate
71	Conakry	9.5092	-13.7122	Guinea	0101000020E6100000226C787AA56C2BC0143FC6DCB5042340	2	Moderate
91	N’Djamena	12.11	15.05	Chad	0101000020E61000009A99999999192E40B81E85EB51382840	2	Moderate
118	Vientiane	17.9667	102.6	Laos	0101000020E61000006666666666A659400F0BB5A679F73140	2	Moderate
130	Rabat	34.0253	-6.8361	Morocco	0101000020E61000000EBE30992A581BC05E4BC8073D034140	2	Moderate
143	Bissau	11.8592	-15.5956	Guinea-Bissau	0101000020E6100000C5FEB27BF2302FC04772F90FE9B72740	2	Moderate
149	Windhoek	-22.57	17.0836	Namibia	0101000020E610000013F241CF6615314052B81E85EB9136C0	2	Moderate
102	Islamabad	33.6989	73.0369	Pakistan	0101000020E61000003C4ED1915C4252405396218E75D94040	5	Very Unhealthy
103	Kathmandu	27.7167	85.3667	Nepal	0101000020E61000005DDC4603785755400F0BB5A679B73B40	5	Very Unhealthy
8	Moscow	55.7558	37.6178	Russia	0101000020E610000002BC051214CF42408D28ED0DBEE04B40	1	Good
10	Buenos Aires	-34.5997	-58.3819	Argentina	0101000020E6100000D42B6519E2304DC0A2B437F8C24C41C0	1	Good
13	Kinshasa	-4.3233	15.3081	Congo (Kinshasa)	0101000020E610000092CB7F48BF9D2E40EC2FBB270F4B11C0	1	Good
15	London	51.5072	-0.1275	United Kingdom	0101000020E610000052B81E85EB51C0BFFE43FAEDEBC04940	1	Good
16	Lima	-12.05	-77.0333	Peru	0101000020E61000003CBD5296214253C09A999999991928C0	1	Good
17	Bogotá	4.6126	-74.0705	Colombia	0101000020E61000008D976E12838452C04F1E166A4D731240	1	Good
18	Luanda	-8.8383	13.2344	Angola	0101000020E6100000645DDC4603782A403E7958A835AD21C0	1	Good
23	Santiago	-33.45	-70.6667	Chile	0101000020E6100000910F7A36ABAA51C09A99999999B940C0	1	Good
24	Riyadh	24.65	46.71	Saudi Arabia	0101000020E61000007B14AE47E15A47406666666666A63840	1	Good
25	Dar es Salaam	-6.8	39.2833	Tanzania	0101000020E6100000787AA52C43A443403333333333331BC0	1	Good
28	Singapore	1.3	103.8	Singapore	0101000020E61000003333333333F35940CDCCCCCCCCCCF43F	1	Good
29	Nairobi	-1.2864	36.8172	Kenya	0101000020E6100000462575029A684240BE30992A1895F4BF	1	Good
34	Amman	31.95	35.9333	Jordan	0101000020E6100000ACADD85F76F741403333333333F33F40	1	Good
35	Kabul	34.5328	69.1658	Afghanistan	0101000020E6100000516B9A779C4A514087A757CA32444140	1	Good
36	Berlin	52.5167	13.3833	Germany	0101000020E6100000151DC9E53FC42A40EEEBC03923424A40	1	Good
39	Brasília	-15.7939	-47.8828	Brazil	0101000020E610000054742497FFF047C0BC96900F7A962FC0	1	Good
41	Kyiv	50.45	30.5236	Ukraine	0101000020E6100000832F4CA60A863E409A99999999394940	1	Good
9	Bangkok	13.75	100.5167	Thailand	0101000020E6100000F775E09C112159400000000000802B40	3	Unhealthy for Sensitive Group
14	Paris	48.8566	2.3522	France	0101000020E6100000A835CD3B4ED1024076E09C11A56D4840	3	Unhealthy for Sensitive Group
26	Madrid	40.4167	-3.7167	Spain	0101000020E61000007958A835CDBB0DC0211FF46C56354440	3	Unhealthy for Sensitive Group
45	Pyongyang	39.03	125.73	Korea, North	0101000020E61000001F85EB51B86E5F40A4703D0AD7834340	3	Unhealthy for Sensitive Group
172	Bern	46.948	7.4474	Switzerland	0101000020E6100000EEEBC03923CA1D40D34D621058794740	3	Unhealthy for Sensitive Group
192	Gitega	-3.4264	29.9306	Burundi	0101000020E610000058A835CD3BEE3D407E1D386744690BC0	3	Unhealthy for Sensitive Group
241	Tifariti	26.0928	-10.6089	Morocco	0101000020E61000009D11A5BDC13725C09D11A5BDC1173A40	3	Unhealthy for Sensitive Group
242	Tifariti	26.0928	-10.6089	Western Sahara	0101000020E61000009D11A5BDC13725C09D11A5BDC1173A40	3	Unhealthy for Sensitive Group
5	Mexico City	19.4333	-99.1333	Mexico	0101000020E6100000A323B9FC87C858C0575BB1BFEC6E3340	4	Unhealthy
40	Kuwait City	29.375	47.98	Kuwait	0101000020E61000003D0AD7A370FD47400000000000603D40	4	Unhealthy
86	Dakar	14.7319	-17.4572	Senegal	0101000020E610000030BB270F0B7531C082E2C798BB762D40	4	Unhealthy
153	Ljubljana	46.05	14.5167	Slovenia	0101000020E6100000B8AF03E78C082D406666666666064740	4	Unhealthy
42	Sanaa	15.35	44.2	Yemen	0101000020E61000009A999999991946403333333333B32E40	1	Good
43	Rome	41.8931	12.4828	Italy	0101000020E61000008104C58F31F728405F07CE1951F24440	1	Good
44	La Paz	-16.4942	-68.1475	Bolivia	0101000020E61000003D0AD7A3700951C0E6AE25E4837E30C0	1	Good
46	Taipei	25.0478	121.5319	Taiwan	0101000020E6100000832F4CA60A625E40B1BFEC9E3C0C3940	1	Good
47	Antananarivo	-18.9386	47.5214	Madagascar	0101000020E61000003411363CBDC247408E06F01648F032C0	1	Good
48	Santo Domingo	18.4764	-69.8933	Dominican Republic	0101000020E61000001361C3D32B7951C07DD0B359F5793240	1	Good
50	Yaoundé	3.8578	11.5181	Cameroon	0101000020E61000007E1D3867440927400612143FC6DC0E40	1	Good
51	Tashkent	41.3	69.2667	Uzbekistan	0101000020E6100000F775E09C115151406666666666A64440	1	Good
55	Havana	23.1367	-82.3589	Cuba	0101000020E610000034A2B437F89654C0FB5C6DC5FE223740	1	Good
59	Quito	-0.2186	-78.5097	Ecuador	0101000020E61000005BB1BFEC9EA053C0B3EA73B515FBCBBF	1	Good
57	Mogadishu	2.0408	45.3425	Somalia	0101000020E6100000A4703D0AD7AB4640166A4DF38E530040	1	Good
60	Minsk	53.9022	27.5618	Belarus	0101000020E61000008FE4F21FD28F3B40C139234A7BF34A40	1	Good
61	Caracas	10.5	-66.9333	Venezuela	0101000020E6100000D656EC2FBBBB50C00000000000002540	1	Good
62	Vienna	48.2083	16.3731	Austria	0101000020E61000003A234A7B835F3040DFE00B93A91A4840	1	Good
65	Brazzaville	-4.2667	15.2833	Congo (Brazzaville)	0101000020E6100000E2E995B20C912E40705F07CE191111C0	1	Good
66	Warsaw	52.2167	21.0333	Poland	0101000020E6100000F1F44A598608354088855AD3BC1B4A40	1	Good
67	Damascus	33.5131	36.2919	Syria	0101000020E6100000E8D9ACFA5C254240EFC9C342ADC14040	1	Good
68	Brussels	50.8333	4.3333	Belgium	0101000020E6100000F7065F984C551140DFE00B93A96A4940	1	Good
70	Lusaka	-15.4167	28.2833	Zambia	0101000020E6100000F1F44A5986483C40857CD0B359D52EC0	1	Good
69	Budapest	47.4983	19.0408	Hungary	0101000020E610000043AD69DE710A334064CC5D4BC8BF4740	1	Good
77	Belgrade	44.8167	20.4667	Serbia	0101000020E61000000F0BB5A679773440545227A089684640	1	Good
78	Sofia	42.6979	23.3217	Bulgaria	0101000020E61000008A1F63EE5A5237406FF085C954594540	1	Good
79	Prague	50.0833	14.4167	Czechia	0101000020E6100000857CD0B359D52C40DFE00B93A90A4940	1	Good
83	Maputo	-25.9153	32.5764	Mozambique	0101000020E61000000BB5A679C74940405F07CE1951EA39C0	1	Good
84	Dublin	53.3497	-6.2603	Ireland	0101000020E61000005F984C158C0A19C0A2B437F8C2AC4A40	1	Good
87	Kigali	-1.9536	30.0606	Rwanda	0101000020E61000003A234A7B830F3E401973D712F241FFBF	1	Good
88	Tegucigalpa	14.0942	-87.2067	Honduras	0101000020E61000005305A3923ACD55C000917EFB3A302C40	1	Good
89	Tripoli	32.8752	13.1875	Libya	0101000020E61000000000000000602A40C7BAB88D06704040	1	Good
92	Yerevan	40.1814	44.5144	Armenia	0101000020E6100000FD87F4DBD741464048BF7D1D38174440	1	Good
90	Tbilisi	41.7225	44.7925	Georgia	0101000020E61000003D0AD7A37065464014AE47E17ADC4440	1	Good
93	Nur-Sultan	51.1333	71.4333	Kazakhstan	0101000020E6100000D656EC2FBBDB5140454772F90F914940	1	Good
96	Bishkek	42.8667	74.5667	Kyrgyzstan	0101000020E61000002AA913D044A45240BBB88D06F06E4540	1	Good
99	Managua	12.15	-86.2667	Nicaragua	0101000020E6100000F775E09C119155C0CDCCCCCCCC4C2840	1	Good
100	Monrovia	6.3106	-10.8047	Liberia	0101000020E6100000B22E6EA3019C25C0E78C28ED0D3E1940	1	Good
101	Port-au-Prince	18.5425	-72.3386	Haiti	0101000020E61000003D9B559FAB1552C07B14AE47E18A3240	1	Good
104	Abu Dhabi	24.4781	54.3686	United Arab Emirates	0101000020E61000001EA7E8482E2F4B40B537F8C2647A3840	1	Good
105	Stockholm	59.3294	18.0686	Sweden	0101000020E61000006F8104C58F113240B5A679C729AA4D40	1	Good
106	Asmara	15.3333	38.9167	Eritrea	0101000020E6100000211FF46C567543407B832F4CA6AA2E40	1	Good
108	Jerusalem	31.7833	35.2167	Israel	0101000020E610000088855AD3BC9B4140F1F44A5986C83F40	1	Good
111	Amsterdam	52.3667	4.8833	Netherlands	0101000020E61000002A3A92CB7F881340BBB88D06F02E4A40	1	Good
110	Panama City	9	-79.5	Panama	0101000020E61000000000000000E053C00000000000002240	1	Good
112	Lomé	6.1319	1.2228	Togo	0101000020E6100000E3C798BB9690F33F9E5E29CB10871840	1	Good
113	Libreville	0.3901	9.4544	Gabon	0101000020E6100000D49AE61DA7E82240BADA8AFD65F7D83F	1	Good
115	Dushanbe	38.5731	68.7864	Tajikistan	0101000020E6100000C364AA605432514036AB3E575B494340	1	Good
116	Lilongwe	-13.9833	33.7833	Malawi	0101000020E6100000787AA52C43E440404850FC1873F72BC0	1	Good
117	Cotonou	6.4	2.52	Benin	0101000020E6100000295C8FC2F52804409A99999999991940	1	Good
119	Colombo	6.9167	79.8333	Sri Lanka	0101000020E61000006FF085C954F5534009F9A067B3AA1B40	1	Good
121	Oslo	59.9111	10.7528	Norway	0101000020E61000008CDB68006F8125405BB1BFEC9EF44D40	1	Good
120	Pretoria	-25.7464	28.1881	South Africa	0101000020E6100000AA60545227303C4002BC051214BF39C0	1	Good
125	Skopje	41.9833	21.4333	Macedonia	0101000020E6100000575BB1BFEC6E354012143FC6DCFD4440	1	Good
126	Chisinau	47.0228	28.8353	Moldova	0101000020E61000004B598638D6D53C40A52C431CEB824740	1	Good
127	Riga	56.9475	24.1069	Latvia	0101000020E610000041F163CC5D1B3840E17A14AE47794C40	1	Good
128	Copenhagen	55.6761	12.5689	Denmark	0101000020E610000088635DDC46232940AD69DE718AD64B40	1	Good
129	Kingston	17.9714	-76.7931	Jamaica	0101000020E6100000499D8026C23253C09B559FABADF83140	1	Good
131	Vilnius	54.6833	25.2833	Lithuania	0101000020E6100000F1F44A5986483940ACADD85F76574B40	1	Good
133	Djibouti	11.595	43.1481	Djibouti	0101000020E6100000D044D8F0F4924540713D0AD7A3302740	1	Good
134	Lisbon	38.7452	-9.1604	Portugal	0101000020E61000008A8EE4F21F5222C0567DAEB6625F4340	1	Good
135	Tallinn	59.4372	24.745	Estonia	0101000020E61000001F85EB51B8BE3840D5E76A2BF6B74D40	1	Good
137	Bratislava	48.1447	17.1128	Slovakia	0101000020E610000022FDF675E01C314098DD938785124840	1	Good
139	Canberra	-35.2931	149.1269	Australia	0101000020E610000099BB96900FA46240933A014D84A541C0	1	Good
140	Wellington	-41.2889	174.7772	New Zealand	0101000020E610000070CE88D2DED865403EE8D9ACFAA444C0	1	Good
142	Dodoma	-6.1835	35.746	Tanzania	0101000020E6100000736891ED7CDF414096438B6CE7BB18C0	1	Good
144	Juba	4.85	31.6	South Sudan	0101000020E61000009A99999999993F406666666666661340	1	Good
145	Port Moresby	-9.4789	147.1494	Papua New Guinea	0101000020E6100000B84082E2C7646240DA1B7C6132F522C0	1	Good
146	Yamoussoukro	6.8161	-5.2742	Côte D’Ivoire	0101000020E6100000B84082E2C71815C0F90FE9B7AF431B40	1	Good
147	Maseru	-29.31	27.48	Lesotho	0101000020E61000007B14AE47E17A3B408FC2F5285C4F3DC0	1	Good
150	Porto-Novo	6.4833	2.6167	Benin	0101000020E6100000AC8BDB6800EF044090A0F831E6EE1940	1	Good
152	San José	9.9333	-84.0833	Costa Rica	0101000020E61000006FF085C9540555C0AEB6627FD9DD2340	1	Good
151	Sucre	-19.0431	-65.2592	Bolivia	0101000020E6100000E3C798BB965050C02575029A080B33C0	1	Good
154	Sarajevo	43.8667	18.4167	Bosnia And Herzegovina	0101000020E6100000423EE8D9AC6A3240BBB88D06F0EE4540	1	Good
155	Nassau	25.0667	-77.3333	Bahamas, The	0101000020E61000006FF085C9545553C0A9A44E4013113940	1	Good
156	Bloemfontein	-29.1	26.2167	South Africa	0101000020E61000000F0BB5A679373A409A99999999193DC0	1	Good
157	Fort-de-France	14.6104	-61.08	Martinique	0101000020E61000000AD7A3703D8A4EC0F1F44A5986382D40	1	Good
158	Gaborone	-24.6569	25.9086	Botswana	0101000020E6100000462575029AE839400EBE30992AA838C0	1	Good
159	Paramaribo	5.8667	-55.1667	Suriname	0101000020E6100000211FF46C56954BC0D6C56D3480771740	1	Good
161	Pristina	42.6667	21.1667	Kosovo	0101000020E6100000423EE8D9AC2A3540211FF46C56554540	1	Good
162	Georgetown	6.7833	-58.1667	Guyana	0101000020E6100000211FF46C56154DC0C3D32B6519221B40	1	Good
163	Malabo	3.7521	8.7737	Equatorial Guinea	0101000020E610000095D40968228C2140A3923A014D040E40	1	Good
164	Gibraltar	36.1324	-5.3781	Gibraltar	0101000020E61000006C787AA52C8315C0C5FEB27BF2104240	1	Good
165	Saint-Denis	-20.8789	55.4481	Reunion	0101000020E610000036AB3E575BB94B4054742497FFE034C0	1	Good
167	Podgorica	42.4397	19.2661	Montenegro	0101000020E610000032772D211F4433408E06F01648384540	1	Good
168	Manama	26.225	50.5775	Bahrain	0101000020E610000052B81E85EB4949409A99999999393A40	1	Good
169	Port Louis	-20.1667	57.5	Mauritius	0101000020E61000000000000000C04C40423EE8D9AC2A34C0	1	Good
170	Willemstad	12.108	-68.935	Curaçao	0101000020E6100000A4703D0AD73B51C09EEFA7C64B372840	1	Good
173	Papeete	-17.5334	-149.5667	French Polynesia	0101000020E610000095D4096822B262C0B8AF03E78C8831C0	1	Good
174	Reykjavík	64.1475	-21.935	Iceland	0101000020E61000008FC2F5285CEF35C03D0AD7A370095040	1	Good
176	Luxembourg	49.6106	6.1328	Luxembourg	0101000020E61000009CA223B9FC87184003780B2428CE4840	1	Good
177	Sri Jayewardenepura Kotte	6.9	79.9164	Sri Lanka	0101000020E61000007B832F4CA6FA53409A99999999991B40	1	Good
179	Moroni	-11.7036	43.2536	Comoros	0101000020E6100000FF21FDF675A0454063EE5A423E6827C0	1	Good
180	Thimphu	27.4833	89.6333	Bhutan	0101000020E6100000A323B9FC8768564024287E8CB97B3B40	1	Good
181	Mbabane	-26.3208	31.1617	Swaziland	0101000020E610000061C3D32B65293F408A8EE4F21F523AC0	1	Good
182	Nouméa	-22.2625	166.4443	New Caledonia	0101000020E61000009C33A2B437CE644033333333334336C0	1	Good
183	Honiara	-9.4333	159.95	Solomon Islands	0101000020E61000006666666666FE6340AEB6627FD9DD22C0	1	Good
184	Suva	-18.1333	178.4333	Fiji	0101000020E61000006B2BF697DD4D66408A8EE4F21F2232C0	1	Good
185	Castries	14.0167	-60.9833	Saint Lucia	0101000020E610000012143FC6DC7D4EC0B8AF03E78C082C40	1	Good
187	São Tomé	0.3333	6.7333	Sao Tome And Principe	0101000020E610000090A0F831E6EE1A40696FF085C954D53F	1	Good
188	Port-Vila	-17.7333	168.3167	Vanuatu	0101000020E610000095D40968220A654024287E8CB9BB31C0	1	Good
189	Hamilton	32.2942	-64.7839	Bermuda	0101000020E610000067D5E76A2B3250C0D93D7958A8254040	1	Good
190	Bandar Seri Begawan	4.9167	114.9167	Brunei	0101000020E6100000910F7A36ABBA5C4009F9A067B3AA1340	1	Good
193	Port of Spain	10.6667	-61.5167	Trinidad And Tobago	0101000020E6100000EEEBC03923C24EC0857CD0B359552540	1	Good
194	Apia	-13.8333	-171.8333	Samoa	0101000020E610000038F8C264AA7A65C07B832F4CA6AA2BC0	1	Good
195	Douglas	54.15	-4.4819	Isle Of Man	0101000020E610000005C58F3177ED11C03333333333134B40	1	Good
196	Oranjestad	12.5186	-70.0358	Aruba	0101000020E6100000984C158C4A8251C044696FF085092940	1	Good
197	Saint Helier	49.1833	-2.1167	Jersey	0101000020E6100000AC8BDB6800EF00C0ACADD85F76974840	1	Good
202	Tarawa	1.3382	173.0176	Kiribati	0101000020E61000001B0DE02D90A065407E1D38674469F53F	1	Good
203	George Town	19.2866	-81.3744	Cayman Islands	0101000020E6100000D5E76A2BF65754C09A081B9E5E493340	1	Good
201	Majuro	7.0918	171.3802	Marshall Islands	0101000020E61000000EBE30992A6C65405917B7D1005E1C40	1	Good
204	Victoria	-4.6236	55.4544	Seychelles	0101000020E6100000B5A679C729BA4B40742497FF907E12C0	1	Good
205	Kingstown	13.1667	-61.2333	Saint Vincent And The Grenadines	0101000020E610000012143FC6DC9D4EC0857CD0B359552A40	1	Good
208	Andorra la Vella	42.5	1.5	Andorra	0101000020E6100000000000000000F83F0000000000404540	1	Good
209	Nuuk	64.175	-51.7333	Greenland	0101000020E610000012143FC6DCDD49C033333333330B5040	1	Good
207	Nuku‘alofa	-21.1347	-175.2083	Tonga	0101000020E610000038F8C264AAE665C06DC5FEB27B2235C0	1	Good
210	Belmopan	17.25	-88.7675	Belize	0101000020E610000085EB51B81E3156C00000000000403140	1	Good
211	Roseau	15.3	-61.3833	Dominica	0101000020E6100000454772F90FB14EC09A99999999992E40	1	Good
212	Basseterre	17.2983	-62.7342	Saint Kitts And Nevis	0101000020E6100000925CFE43FA5D4FC0956588635D4C3140	1	Good
213	Tórshavn	62	-6.7833	Faroe Islands	0101000020E6100000C3D32B6519221BC00000000000004F40	1	Good
215	Valletta	35.8978	14.5125	Malta	0101000020E61000006666666666062D40A52C431CEBF24140	1	Good
216	Gaza	31.5069	34.456	Gaza Strip	0101000020E6100000EE7C3F355E3A4140A857CA32C4813F40	1	Good
219	Funafuti	-8.5167	179.2167	Tuvalu	0101000020E610000062A1D634EF666640B8AF03E78C0821C0	1	Good
217	Grand Turk	21.4664	-71.136	Turks And Caicos Islands	0101000020E610000062105839B4C851C0BADA8AFD65773540	1	Good
220	Lobamba	-26.4465	31.2064	Swaziland	0101000020E6100000F7E461A1D6343F40FCA9F1D24D723AC0	1	Good
222	Saint George’s	12.0444	-61.7417	Grenada	0101000020E6100000BBB88D06F0DE4EC082E2C798BB162840	1	Good
221	Avarua	-21.207	-159.771	Cook Islands	0101000020E6100000E9263108ACF863C0A245B6F3FD3435C0	1	Good
224	Al Quds	31.7764	35.2269	West Bank	0101000020E610000030BB270F0B9D4140499D8026C2C63F40	1	Good
225	Capitol Hill	15.2137	145.7546	Northern Mariana Islands	0101000020E6100000F931E6AE25386240764F1E166A6D2E40	1	Good
226	Basse-Terre	16	-61.7167	Guadeloupe	0101000020E610000088855AD3BCDB4EC00000000000003040	1	Good
228	Vatican City	41.9	12.4478	Vatican City	0101000020E6100000304CA60A46E528403333333333F34440	1	Good
229	Alofi	-19.056	-169.921	Niue	0101000020E6100000B6F3FDD4783D65C075931804560E33C0	1	Good
230	Hagåtña	13.4745	144.7504	Guam	0101000020E6100000645DDC46031862406DE7FBA9F1F22A40	1	Good
232	Marigot	18.0706	-63.0847	Saint Martin	0101000020E610000050FC1873D78A4FC0FC1873D712123240	1	Good
231	Jamestown	-15.9251	-5.7179	Saint Helena, Ascension, And Tristan Da Cunha	0101000020E61000009031772D21DF16C0280F0BB5A6D92FC0	1	Good
233	Philipsburg	18.0256	-63.0492	Sint Maarten	0101000020E61000004A7B832F4C864FC011C7BAB88D063240	1	Good
234	Road Town	18.4167	-64.6167	Virgin Islands, British	0101000020E61000005DDC4603782750C0423EE8D9AC6A3240	1	Good
235	Gustavia	17.8958	-62.8508	Saint Barthelemy	0101000020E6100000E9B7AF03E76C4FC0BEC1172653E53140	1	Good
1	Tokyo	35.6897	139.6922	Japan	0101000020E610000052499D80267661408E06F01648D84140	1	Good
32	Washington	38.9047	-77.0163	United States	0101000020E610000030BB270F0B4153C07958A835CD734340	1	Good
52	Accra	5.6037	-0.187	Ghana	0101000020E6100000560E2DB29DEFC7BF7C613255306A1640	1	Good
75	The Hague	52.0767	4.2986	Netherlands	0101000020E6100000A857CA32C431114036CD3B4ED1094A40	1	Good
81	Doha	25.3	51.5333	Qatar	0101000020E6100000787AA52C43C44940CDCCCCCCCC4C3940	1	Good
80	Montevideo	-34.8667	-56.1667	Uruguay	0101000020E6100000211FF46C56154CC0BBB88D06F06E41C0	1	Good
95	Tunis	36.8008	10.18	Tunisia	0101000020E61000005C8FC2F5285C24408351499D80664240	1	Good
124	Helsinki	60.1756	24.9342	Finland	0101000020E610000057EC2FBB27EF3840BC96900F7A164E40	1	Good
136	Cape Town	-33.925	18.425	South Africa	0101000020E6100000CDCCCCCCCC6C32406666666666F640C0	1	Good
160	Dili	-8.5586	125.5736	Timor-Leste	0101000020E6100000143FC6DCB5645F405917B7D1001E21C0	1	Good
166	Male	4.175	73.5083	Maldives	0101000020E6100000A323B9FC876052403333333333B31040	1	Good
178	Bridgetown	13.0975	-59.6167	Barbados	0101000020E6100000BBB88D06F0CE4DC052B81E85EB312A40	1	Good
186	Cayenne	4.933	-52.33	French Guiana	0101000020E61000000AD7A3703D2A4AC008AC1C5A64BB1340	1	Good
200	Mamoudzou	-12.7871	45.275	Mayotte	0101000020E61000003333333333A34640FB5C6DC5FE9229C0	1	Good
206	Saint John’s	17.1211	-61.8447	Antigua And Barbuda	0101000020E610000032772D211FEC4EC0AC8BDB68001F3140	1	Good
214	Pago Pago	-14.274	-170.7046	American Samoa	0101000020E61000005F984C158C5665C03F355EBA498C2CC0	1	Good
218	Palikir	6.9178	158.185	Micronesia, Federated States Of	0101000020E610000052B81E85EBC56340401361C3D3AB1B40	1	Good
227	Stanley	-51.7	-57.85	Falkland Islands (Islas Malvinas)	0101000020E6100000CDCCCCCCCCEC4CC09A99999999D949C0	1	Good
236	Saint-Pierre	46.7811	-56.1764	Saint Pierre And Miquelon	0101000020E6100000D881734694164CC0EB73B515FB634740	1	Good
237	The Valley	18.2167	-63.05	Anguilla	0101000020E61000006666666666864FC00F0BB5A679373240	1	Good
240	Ngerulmud	7.5006	134.6242	Palau	0101000020E610000039454772F9D36040AA8251499D001E40	1	Good
238	Mata-Utu	-13.2825	-176.1736	Wallis And Futuna	0101000020E6100000BD5296218E0566C0713D0AD7A3902AC0	1	Good
239	Kingston	-29.0569	167.9617	Norfolk Island	0101000020E61000000612143FC6FE6440742497FF900E3DC0	1	Good
245	Flying Fish Cove	-10.4167	105.7167	Christmas Island	0101000020E6100000C442AD69DE6D5A40857CD0B359D524C0	1	Good
244	Adamstown	-25.0667	-130.0833	Pitcairn Islands	0101000020E610000038F8C264AA4260C0A9A44E40131139C0	1	Good
243	Longyearbyen	78.2167	15.6333	Svalbard	0101000020E6100000151DC9E53F442F40C442AD69DE8D5340	1	Good
\.


--
-- Data for Name: air_quality_02_01_2022; Type: TABLE DATA; Schema: world_air_quality_schema; Owner: docker
--

COPY world_air_quality_schema.air_quality_02_01_2022 (ogc_fid, city, lat, lng, country, wkb_geometry, air_quality_int, air_quality_str) FROM stdin;
54	Harare	-17.8292	31.0522	Zimbabwe	0101000020E6100000E8D9ACFA5C0D3F40DCD7817346D431C0	5	Very Unhealthy
2	Jakarta	-6.2146	106.8451	Indonesia	0101000020E610000060764F1E16B65A40EBE2361AC0DB18C0	6	Hazardous
4	Seoul	37.56	126.99	Korea, South	0101000020E61000008FC2F5285CBF5F4048E17A14AEC74240	2	Moderate
6	Beijing	39.905	116.3914	China	0101000020E6100000E2E995B20C195D40A4703D0AD7F34340	6	Hazardous
20	Hanoi	21.0245	105.8412	Vietnam	0101000020E61000004B598638D6755A4083C0CAA145063540	6	Hazardous
38	Addis Ababa	9.0272	38.7369	Ethiopia	0101000020E610000011363CBD525E434004E78C28ED0D2240	6	Hazardous
21	Hong Kong	22.305	114.185	Hong Kong	0101000020E6100000A4703D0AD78B5C40AE47E17A144E3640	3	Unhealthy for Sensitive Group
26	Madrid	40.4167	-3.7167	Spain	0101000020E61000007958A835CDBB0DC0211FF46C56354440	3	Unhealthy for Sensitive Group
49	Guatemala City	14.6099	-90.5252	Guatemala	0101000020E6100000FDF675E09CA156C02AA913D044382D40	3	Unhealthy for Sensitive Group
73	Ouagadougou	12.3572	-1.5353	Burkina Faso	0101000020E6100000E3C798BB9690F8BF2D431CEBE2B62840	3	Unhealthy for Sensitive Group
9	Bangkok	13.75	100.5167	Thailand	0101000020E6100000F775E09C112159400000000000802B40	4	Unhealthy
5	Mexico City	19.4333	-99.1333	Mexico	0101000020E6100000A323B9FC87C858C0575BB1BFEC6E3340	2	Moderate
11	Dhaka	23.7289	90.3944	Bangladesh	0101000020E6100000B7627FD93D995640ED0DBE3099BA3740	4	Unhealthy
31	Rangoon	16.8	96.15	Myanmar	0101000020E61000009A99999999095840CDCCCCCCCCCC3040	4	Unhealthy
13	Kinshasa	-4.3233	15.3081	Congo (Kinshasa)	0101000020E610000092CB7F48BF9D2E40EC2FBB270F4B11C0	2	Moderate
19	Kuala Lumpur	3.1478	101.6953	Malaysia	0101000020E61000002A3A92CB7F6C594058CA32C4B12E0940	2	Moderate
33	Abidjan	5.3364	-4.0267	Côte D’Ivoire	0101000020E61000007A36AB3E571B10C0637FD93D79581540	2	Moderate
35	Kabul	34.5328	69.1658	Afghanistan	0101000020E6100000516B9A779C4A514087A757CA32444140	2	Moderate
37	Algiers	36.7764	3.0586	Algeria	0101000020E6100000645DDC4603780840A54E401361634240	2	Moderate
30	Ankara	39.93	32.85	Turkey	0101000020E6100000CDCCCCCCCC6C4040D7A3703D0AF74340	2	Moderate
45	Pyongyang	39.03	125.73	Korea, North	0101000020E61000001F85EB51B86E5F40A4703D0AD7834340	2	Moderate
50	Yaoundé	3.8578	11.5181	Cameroon	0101000020E61000007E1D3867440927400612143FC6DC0E40	2	Moderate
56	Phnom Penh	11.5696	104.921	Cambodia	0101000020E61000006DE7FBA9F13A5A406B9A779CA2232740	2	Moderate
58	Bamako	12.6458	-7.9922	Mali	0101000020E6100000645DDC4603F81FC07B832F4CA64A2940	2	Moderate
65	Brazzaville	-4.2667	15.2833	Congo (Brazzaville)	0101000020E6100000E2E995B20C912E40705F07CE191111C0	2	Moderate
74	Muscat	23.6139	58.5922	Oman	0101000020E61000007958A835CD4B4D40B003E78C289D3740	2	Moderate
43	Rome	41.8931	12.4828	Italy	0101000020E61000008104C58F31F728405F07CE1951F24440	4	Unhealthy
63	Bucharest	44.4	26.0833	Romania	0101000020E6100000BEC1172653153A403333333333334640	4	Unhealthy
72	Kampala	0.3136	32.5811	Uganda	0101000020E610000051DA1B7C614A40406EA301BC0512D43F	4	Unhealthy
76	Ulaanbaatar	47.9203	106.9172	Mongolia	0101000020E610000009F9A067B3BA5A402041F163CCF54740	4	Unhealthy
8	Moscow	55.7558	37.6178	Russia	0101000020E610000002BC051214CF42408D28ED0DBEE04B40	1	Good
82	Abuja	9.0556	7.4914	Nigeria	0101000020E61000008104C58F31F71D40B1506B9A771C2240	4	Unhealthy
86	Dakar	14.7319	-17.4572	Senegal	0101000020E610000030BB270F0B7531C082E2C798BB762D40	4	Unhealthy
98	Niamey	13.5086	2.1111	Niger	0101000020E61000004FAF946588E30040BF7D1D3867042B40	4	Unhealthy
102	Islamabad	33.6989	73.0369	Pakistan	0101000020E61000003C4ED1915C4252405396218E75D94040	4	Unhealthy
104	Abu Dhabi	24.4781	54.3686	United Arab Emirates	0101000020E61000001EA7E8482E2F4B40B537F8C2647A3840	4	Unhealthy
94	Nouakchott	18.0858	-15.9785	Mauritania	0101000020E6100000A245B6F3FDF42FC02EFF21FDF6153240	5	Very Unhealthy
103	Kathmandu	27.7167	85.3667	Nepal	0101000020E61000005DDC4603785755400F0BB5A679B73B40	5	Very Unhealthy
91	N’Djamena	12.11	15.05	Chad	0101000020E61000009A99999999192E40B81E85EB51382840	6	Hazardous
84	Dublin	53.3497	-6.2603	Ireland	0101000020E61000005F984C158C0A19C0A2B437F8C2AC4A40	1	Good
27	Baghdad	33.35	44.4167	Iraq	0101000020E6100000211FF46C56354640CDCCCCCCCCAC4040	1	Good
29	Nairobi	-1.2864	36.8172	Kenya	0101000020E6100000462575029A684240BE30992A1895F4BF	1	Good
32	Washington	38.9047	-77.0163	United States	0101000020E610000030BB270F0B4153C07958A835CD734340	1	Good
34	Amman	31.95	35.9333	Jordan	0101000020E6100000ACADD85F76F741403333333333F33F40	1	Good
39	Brasília	-15.7939	-47.8828	Brazil	0101000020E610000054742497FFF047C0BC96900F7A962FC0	1	Good
40	Kuwait City	29.375	47.98	Kuwait	0101000020E61000003D0AD7A370FD47400000000000603D40	1	Good
41	Kyiv	50.45	30.5236	Ukraine	0101000020E6100000832F4CA60A863E409A99999999394940	1	Good
44	La Paz	-16.4942	-68.1475	Bolivia	0101000020E61000003D0AD7A3700951C0E6AE25E4837E30C0	1	Good
46	Taipei	25.0478	121.5319	Taiwan	0101000020E6100000832F4CA60A625E40B1BFEC9E3C0C3940	1	Good
48	Santo Domingo	18.4764	-69.8933	Dominican Republic	0101000020E61000001361C3D32B7951C07DD0B359F5793240	1	Good
51	Tashkent	41.3	69.2667	Uzbekistan	0101000020E6100000F775E09C115151406666666666A64440	1	Good
52	Accra	5.6037	-0.187	Ghana	0101000020E6100000560E2DB29DEFC7BF7C613255306A1640	1	Good
55	Havana	23.1367	-82.3589	Cuba	0101000020E610000034A2B437F89654C0FB5C6DC5FE223740	1	Good
106	Asmara	15.3333	38.9167	Eritrea	0101000020E6100000211FF46C567543407B832F4CA6AA2E40	2	Moderate
107	Freetown	8.4833	-13.2331	Sierra Leone	0101000020E61000002C6519E258772AC04850FC1873F72040	2	Moderate
108	Jerusalem	31.7833	35.2167	Israel	0101000020E610000088855AD3BC9B4140F1F44A5986C83F40	2	Moderate
118	Vientiane	17.9667	102.6	Laos	0101000020E61000006666666666A659400F0BB5A679F73140	2	Moderate
121	Oslo	59.9111	10.7528	Norway	0101000020E61000008CDB68006F8125405BB1BFEC9EF44D40	2	Moderate
123	Bujumbura	-3.3825	29.3611	Burundi	0101000020E6100000EA95B20C715C3D408FC2F5285C0F0BC0	2	Moderate
132	San Salvador	13.6989	-89.1914	El Salvador	0101000020E6100000151DC9E53F4C56C04B598638D6652B40	2	Moderate
138	Tirana	41.33	19.82	Albania	0101000020E610000052B81E85EBD133400AD7A3703DAA4440	2	Moderate
141	Beirut	33.8869	35.5131	Lebanon	0101000020E6100000EFC9C342ADC1414044696FF085F14040	2	Moderate
143	Bissau	11.8592	-15.5956	Guinea-Bissau	0101000020E6100000C5FEB27BF2302FC04772F90FE9B72740	2	Moderate
153	Ljubljana	46.05	14.5167	Slovenia	0101000020E6100000B8AF03E78C082D406666666666064740	2	Moderate
199	Banjul	13.4531	-16.5775	Gambia, The	0101000020E6100000A4703D0AD79330C09CA223B9FCE72A40	3	Unhealthy for Sensitive Group
168	Manama	26.225	50.5775	Bahrain	0101000020E610000052B81E85EB4949409A99999999393A40	4	Unhealthy
175	Praia	14.9177	-23.5092	Cabo Verde	0101000020E61000008A1F63EE5A8237C012143FC6DCD52D40	4	Unhealthy
228	Vatican City	41.9	12.4478	Vatican City	0101000020E6100000304CA60A46E528403333333333F34440	4	Unhealthy
171	New Delhi	28.7	77.2	India	0101000020E6100000CDCCCCCCCC4C53403333333333B33C40	5	Very Unhealthy
162	Georgetown	6.7833	-58.1667	Guyana	0101000020E6100000211FF46C56154DC0C3D32B6519221B40	1	Good
163	Malabo	3.7521	8.7737	Equatorial Guinea	0101000020E610000095D40968228C2140A3923A014D040E40	1	Good
57	Mogadishu	2.0408	45.3425	Somalia	0101000020E6100000A4703D0AD7AB4640166A4DF38E530040	1	Good
60	Minsk	53.9022	27.5618	Belarus	0101000020E61000008FE4F21FD28F3B40C139234A7BF34A40	1	Good
61	Caracas	10.5	-66.9333	Venezuela	0101000020E6100000D656EC2FBBBB50C00000000000002540	1	Good
62	Vienna	48.2083	16.3731	Austria	0101000020E61000003A234A7B835F3040DFE00B93A91A4840	1	Good
64	Asunción	-25.3	-57.6333	Paraguay	0101000020E6100000454772F90FD14CC0CDCCCCCCCC4C39C0	1	Good
67	Damascus	33.5131	36.2919	Syria	0101000020E6100000E8D9ACFA5C254240EFC9C342ADC14040	1	Good
68	Brussels	50.8333	4.3333	Belgium	0101000020E6100000F7065F984C551140DFE00B93A96A4940	1	Good
69	Budapest	47.4983	19.0408	Hungary	0101000020E610000043AD69DE710A334064CC5D4BC8BF4740	1	Good
70	Lusaka	-15.4167	28.2833	Zambia	0101000020E6100000F1F44A5986483C40857CD0B359D52EC0	1	Good
75	The Hague	52.0767	4.2986	Netherlands	0101000020E6100000A857CA32C431114036CD3B4ED1094A40	1	Good
79	Prague	50.0833	14.4167	Czechia	0101000020E6100000857CD0B359D52C40DFE00B93A90A4940	1	Good
80	Montevideo	-34.8667	-56.1667	Uruguay	0101000020E6100000211FF46C56154CC0BBB88D06F06E41C0	1	Good
77	Belgrade	44.8167	20.4667	Serbia	0101000020E61000000F0BB5A679773440545227A089684640	1	Good
83	Maputo	-25.9153	32.5764	Mozambique	0101000020E61000000BB5A679C74940405F07CE1951EA39C0	1	Good
87	Kigali	-1.9536	30.0606	Rwanda	0101000020E61000003A234A7B830F3E401973D712F241FFBF	1	Good
88	Tegucigalpa	14.0942	-87.2067	Honduras	0101000020E61000005305A3923ACD55C000917EFB3A302C40	1	Good
89	Tripoli	32.8752	13.1875	Libya	0101000020E61000000000000000602A40C7BAB88D06704040	1	Good
90	Tbilisi	41.7225	44.7925	Georgia	0101000020E61000003D0AD7A37065464014AE47E17ADC4440	1	Good
93	Nur-Sultan	51.1333	71.4333	Kazakhstan	0101000020E6100000D656EC2FBBDB5140454772F90F914940	1	Good
95	Tunis	36.8008	10.18	Tunisia	0101000020E61000005C8FC2F5285C24408351499D80664240	1	Good
96	Bishkek	42.8667	74.5667	Kyrgyzstan	0101000020E61000002AA913D044A45240BBB88D06F06E4540	1	Good
99	Managua	12.15	-86.2667	Nicaragua	0101000020E6100000F775E09C119155C0CDCCCCCCCC4C2840	1	Good
101	Port-au-Prince	18.5425	-72.3386	Haiti	0101000020E61000003D9B559FAB1552C07B14AE47E18A3240	1	Good
105	Stockholm	59.3294	18.0686	Sweden	0101000020E61000006F8104C58F113240B5A679C729AA4D40	1	Good
110	Panama City	9	-79.5	Panama	0101000020E61000000000000000E053C00000000000002240	1	Good
111	Amsterdam	52.3667	4.8833	Netherlands	0101000020E61000002A3A92CB7F881340BBB88D06F02E4A40	1	Good
112	Lomé	6.1319	1.2228	Togo	0101000020E6100000E3C798BB9690F33F9E5E29CB10871840	1	Good
113	Libreville	0.3901	9.4544	Gabon	0101000020E6100000D49AE61DA7E82240BADA8AFD65F7D83F	1	Good
114	Zagreb	45.8	15.95	Croatia	0101000020E61000006666666666E62F406666666666E64640	1	Good
115	Dushanbe	38.5731	68.7864	Tajikistan	0101000020E6100000C364AA605432514036AB3E575B494340	1	Good
116	Lilongwe	-13.9833	33.7833	Malawi	0101000020E6100000787AA52C43E440404850FC1873F72BC0	1	Good
117	Cotonou	6.4	2.52	Benin	0101000020E6100000295C8FC2F52804409A99999999991940	1	Good
120	Pretoria	-25.7464	28.1881	South Africa	0101000020E6100000AA60545227303C4002BC051214BF39C0	1	Good
122	Athens	37.9842	23.7281	Greece	0101000020E6100000B537F8C264BA3740925CFE43FAFD4240	1	Good
161	Pristina	42.6667	21.1667	Kosovo	0101000020E6100000423EE8D9AC2A3540211FF46C56554540	2	Moderate
167	Podgorica	42.4397	19.2661	Montenegro	0101000020E610000032772D211F4433408E06F01648384540	2	Moderate
192	Gitega	-3.4264	29.9306	Burundi	0101000020E610000058A835CD3BEE3D407E1D386744690BC0	2	Moderate
216	Gaza	31.5069	34.456	Gaza Strip	0101000020E6100000EE7C3F355E3A4140A857CA32C4813F40	2	Moderate
223	San Marino	43.932	12.4484	San Marino	0101000020E6100000840D4FAF94E528409EEFA7C64BF74540	2	Moderate
10	Buenos Aires	-34.5997	-58.3819	Argentina	0101000020E6100000D42B6519E2304DC0A2B437F8C24C41C0	3	Unhealthy for Sensitive Group
22	Khartoum	15.6031	32.5265	Sudan	0101000020E610000008AC1C5A64434040696FF085C9342F40	3	Unhealthy for Sensitive Group
7	Cairo	30.0561	31.2394	Egypt	0101000020E610000093A98251493D3F403C4ED1915C0E3E40	1	Good
12	Tehran	35.7	51.4167	Iran	0101000020E6100000211FF46C56B549409A99999999D94140	1	Good
14	Paris	48.8566	2.3522	France	0101000020E6100000A835CD3B4ED1024076E09C11A56D4840	1	Good
15	London	51.5072	-0.1275	United Kingdom	0101000020E610000052B81E85EB51C0BFFE43FAEDEBC04940	1	Good
16	Lima	-12.05	-77.0333	Peru	0101000020E61000003CBD5296214253C09A999999991928C0	1	Good
18	Luanda	-8.8383	13.2344	Angola	0101000020E6100000645DDC4603782A403E7958A835AD21C0	1	Good
23	Santiago	-33.45	-70.6667	Chile	0101000020E6100000910F7A36ABAA51C09A99999999B940C0	1	Good
24	Riyadh	24.65	46.71	Saudi Arabia	0101000020E61000007B14AE47E15A47406666666666A63840	1	Good
25	Dar es Salaam	-6.8	39.2833	Tanzania	0101000020E6100000787AA52C43A443403333333333331BC0	1	Good
1	Tokyo	35.6897	139.6922	Japan	0101000020E610000052499D80267661408E06F01648D84140	1	Good
17	Bogotá	4.6126	-74.0705	Colombia	0101000020E61000008D976E12838452C04F1E166A4D731240	1	Good
28	Singapore	1.3	103.8	Singapore	0101000020E61000003333333333F35940CDCCCCCCCCCCF43F	1	Good
36	Berlin	52.5167	13.3833	Germany	0101000020E6100000151DC9E53FC42A40EEEBC03923424A40	1	Good
42	Sanaa	15.35	44.2	Yemen	0101000020E61000009A999999991946403333333333B32E40	1	Good
47	Antananarivo	-18.9386	47.5214	Madagascar	0101000020E61000003411363CBDC247408E06F01648F032C0	1	Good
53	Baku	40.3667	49.8352	Azerbaijan	0101000020E610000042CF66D5E7EA4840BBB88D06F02E4440	1	Good
59	Quito	-0.2186	-78.5097	Ecuador	0101000020E61000005BB1BFEC9EA053C0B3EA73B515FBCBBF	1	Good
130	Rabat	34.0253	-6.8361	Morocco	0101000020E61000000EBE30992A581BC05E4BC8073D034140	3	Unhealthy for Sensitive Group
149	Windhoek	-22.57	17.0836	Namibia	0101000020E610000013F241CF6615314052B81E85EB9136C0	3	Unhealthy for Sensitive Group
241	Tifariti	26.0928	-10.6089	Morocco	0101000020E61000009D11A5BDC13725C09D11A5BDC1173A40	3	Unhealthy for Sensitive Group
3	Manila	14.6	120.9833	Philippines	0101000020E6100000098A1F63EE3E5E403333333333332D40	2	Moderate
71	Conakry	9.5092	-13.7122	Guinea	0101000020E6100000226C787AA56C2BC0143FC6DCB5042340	2	Moderate
85	Nay Pyi Taw	19.7475	96.115	Myanmar	0101000020E61000008FC2F5285C0758408FC2F5285CBF3340	2	Moderate
109	Bangui	4.3732	18.5628	Central African Republic	0101000020E610000055302AA91390324003780B24287E1140	2	Moderate
134	Lisbon	38.7452	-9.1604	Portugal	0101000020E61000008A8EE4F21F5222C0567DAEB6625F4340	2	Moderate
242	Tifariti	26.0928	-10.6089	Western Sahara	0101000020E61000009D11A5BDC13725C09D11A5BDC1173A40	3	Unhealthy for Sensitive Group
224	Al Quds	31.7764	35.2269	West Bank	0101000020E610000030BB270F0B9D4140499D8026C2C63F40	2	Moderate
81	Doha	25.3	51.5333	Qatar	0101000020E6100000787AA52C43C44940CDCCCCCCCC4C3940	6	Hazardous
124	Helsinki	60.1756	24.9342	Finland	0101000020E610000057EC2FBB27EF3840BC96900F7A164E40	1	Good
126	Chisinau	47.0228	28.8353	Moldova	0101000020E61000004B598638D6D53C40A52C431CEB824740	1	Good
127	Riga	56.9475	24.1069	Latvia	0101000020E610000041F163CC5D1B3840E17A14AE47794C40	1	Good
128	Copenhagen	55.6761	12.5689	Denmark	0101000020E610000088635DDC46232940AD69DE718AD64B40	1	Good
129	Kingston	17.9714	-76.7931	Jamaica	0101000020E6100000499D8026C23253C09B559FABADF83140	1	Good
131	Vilnius	54.6833	25.2833	Lithuania	0101000020E6100000F1F44A5986483940ACADD85F76574B40	1	Good
133	Djibouti	11.595	43.1481	Djibouti	0101000020E6100000D044D8F0F4924540713D0AD7A3302740	1	Good
135	Tallinn	59.4372	24.745	Estonia	0101000020E61000001F85EB51B8BE3840D5E76A2BF6B74D40	1	Good
136	Cape Town	-33.925	18.425	South Africa	0101000020E6100000CDCCCCCCCC6C32406666666666F640C0	1	Good
137	Bratislava	48.1447	17.1128	Slovakia	0101000020E610000022FDF675E01C314098DD938785124840	1	Good
139	Canberra	-35.2931	149.1269	Australia	0101000020E610000099BB96900FA46240933A014D84A541C0	1	Good
140	Wellington	-41.2889	174.7772	New Zealand	0101000020E610000070CE88D2DED865403EE8D9ACFAA444C0	1	Good
142	Dodoma	-6.1835	35.746	Tanzania	0101000020E6100000736891ED7CDF414096438B6CE7BB18C0	1	Good
145	Port Moresby	-9.4789	147.1494	Papua New Guinea	0101000020E6100000B84082E2C7646240DA1B7C6132F522C0	1	Good
146	Yamoussoukro	6.8161	-5.2742	Côte D’Ivoire	0101000020E6100000B84082E2C71815C0F90FE9B7AF431B40	1	Good
147	Maseru	-29.31	27.48	Lesotho	0101000020E61000007B14AE47E17A3B408FC2F5285C4F3DC0	1	Good
148	Nicosia	35.1725	33.365	Cyprus	0101000020E61000001F85EB51B8AE4040AE47E17A14964140	1	Good
150	Porto-Novo	6.4833	2.6167	Benin	0101000020E6100000AC8BDB6800EF044090A0F831E6EE1940	1	Good
151	Sucre	-19.0431	-65.2592	Bolivia	0101000020E6100000E3C798BB965050C02575029A080B33C0	1	Good
152	San José	9.9333	-84.0833	Costa Rica	0101000020E61000006FF085C9540555C0AEB6627FD9DD2340	1	Good
154	Sarajevo	43.8667	18.4167	Bosnia And Herzegovina	0101000020E6100000423EE8D9AC6A3240BBB88D06F0EE4540	1	Good
155	Nassau	25.0667	-77.3333	Bahamas, The	0101000020E61000006FF085C9545553C0A9A44E4013113940	1	Good
156	Bloemfontein	-29.1	26.2167	South Africa	0101000020E61000000F0BB5A679373A409A99999999193DC0	1	Good
157	Fort-de-France	14.6104	-61.08	Martinique	0101000020E61000000AD7A3703D8A4EC0F1F44A5986382D40	1	Good
159	Paramaribo	5.8667	-55.1667	Suriname	0101000020E6100000211FF46C56954BC0D6C56D3480771740	1	Good
164	Gibraltar	36.1324	-5.3781	Gibraltar	0101000020E61000006C787AA52C8315C0C5FEB27BF2104240	1	Good
165	Saint-Denis	-20.8789	55.4481	Reunion	0101000020E610000036AB3E575BB94B4054742497FFE034C0	1	Good
169	Port Louis	-20.1667	57.5	Mauritius	0101000020E61000000000000000C04C40423EE8D9AC2A34C0	1	Good
170	Willemstad	12.108	-68.935	Curaçao	0101000020E6100000A4703D0AD73B51C09EEFA7C64B372840	1	Good
173	Papeete	-17.5334	-149.5667	French Polynesia	0101000020E610000095D4096822B262C0B8AF03E78C8831C0	1	Good
174	Reykjavík	64.1475	-21.935	Iceland	0101000020E61000008FC2F5285CEF35C03D0AD7A370095040	1	Good
176	Luxembourg	49.6106	6.1328	Luxembourg	0101000020E61000009CA223B9FC87184003780B2428CE4840	1	Good
178	Bridgetown	13.0975	-59.6167	Barbados	0101000020E6100000BBB88D06F0CE4DC052B81E85EB312A40	1	Good
179	Moroni	-11.7036	43.2536	Comoros	0101000020E6100000FF21FDF675A0454063EE5A423E6827C0	1	Good
180	Thimphu	27.4833	89.6333	Bhutan	0101000020E6100000A323B9FC8768564024287E8CB97B3B40	1	Good
181	Mbabane	-26.3208	31.1617	Swaziland	0101000020E610000061C3D32B65293F408A8EE4F21F523AC0	1	Good
182	Nouméa	-22.2625	166.4443	New Caledonia	0101000020E61000009C33A2B437CE644033333333334336C0	1	Good
183	Honiara	-9.4333	159.95	Solomon Islands	0101000020E61000006666666666FE6340AEB6627FD9DD22C0	1	Good
184	Suva	-18.1333	178.4333	Fiji	0101000020E61000006B2BF697DD4D66408A8EE4F21F2232C0	1	Good
185	Castries	14.0167	-60.9833	Saint Lucia	0101000020E610000012143FC6DC7D4EC0B8AF03E78C082C40	1	Good
187	São Tomé	0.3333	6.7333	Sao Tome And Principe	0101000020E610000090A0F831E6EE1A40696FF085C954D53F	1	Good
188	Port-Vila	-17.7333	168.3167	Vanuatu	0101000020E610000095D40968220A654024287E8CB9BB31C0	1	Good
189	Hamilton	32.2942	-64.7839	Bermuda	0101000020E610000067D5E76A2B3250C0D93D7958A8254040	1	Good
190	Bandar Seri Begawan	4.9167	114.9167	Brunei	0101000020E6100000910F7A36ABBA5C4009F9A067B3AA1340	1	Good
191	Monaco	43.7396	7.4069	Monaco	0101000020E610000038F8C264AAA01D40910F7A36ABDE4540	1	Good
195	Douglas	54.15	-4.4819	Isle Of Man	0101000020E610000005C58F3177ED11C03333333333134B40	1	Good
194	Apia	-13.8333	-171.8333	Samoa	0101000020E610000038F8C264AA7A65C07B832F4CA6AA2BC0	1	Good
196	Oranjestad	12.5186	-70.0358	Aruba	0101000020E6100000984C158C4A8251C044696FF085092940	1	Good
197	Saint Helier	49.1833	-2.1167	Jersey	0101000020E6100000AC8BDB6800EF00C0ACADD85F76974840	1	Good
198	Vaduz	47.1415	9.5215	Liechtenstein	0101000020E61000005EBA490C020B2340273108AC1C924740	1	Good
200	Mamoudzou	-12.7871	45.275	Mayotte	0101000020E61000003333333333A34640FB5C6DC5FE9229C0	1	Good
201	Majuro	7.0918	171.3802	Marshall Islands	0101000020E61000000EBE30992A6C65405917B7D1005E1C40	1	Good
204	Victoria	-4.6236	55.4544	Seychelles	0101000020E6100000B5A679C729BA4B40742497FF907E12C0	1	Good
203	George Town	19.2866	-81.3744	Cayman Islands	0101000020E6100000D5E76A2BF65754C09A081B9E5E493340	1	Good
205	Kingstown	13.1667	-61.2333	Saint Vincent And The Grenadines	0101000020E610000012143FC6DC9D4EC0857CD0B359552A40	1	Good
206	Saint John’s	17.1211	-61.8447	Antigua And Barbuda	0101000020E610000032772D211FEC4EC0AC8BDB68001F3140	1	Good
207	Nuku‘alofa	-21.1347	-175.2083	Tonga	0101000020E610000038F8C264AAE665C06DC5FEB27B2235C0	1	Good
208	Andorra la Vella	42.5	1.5	Andorra	0101000020E6100000000000000000F83F0000000000404540	1	Good
210	Belmopan	17.25	-88.7675	Belize	0101000020E610000085EB51B81E3156C00000000000403140	1	Good
211	Roseau	15.3	-61.3833	Dominica	0101000020E6100000454772F90FB14EC09A99999999992E40	1	Good
212	Basseterre	17.2983	-62.7342	Saint Kitts And Nevis	0101000020E6100000925CFE43FA5D4FC0956588635D4C3140	1	Good
213	Tórshavn	62	-6.7833	Faroe Islands	0101000020E6100000C3D32B6519221BC00000000000004F40	1	Good
214	Pago Pago	-14.274	-170.7046	American Samoa	0101000020E61000005F984C158C5665C03F355EBA498C2CC0	1	Good
215	Valletta	35.8978	14.5125	Malta	0101000020E61000006666666666062D40A52C431CEBF24140	1	Good
218	Palikir	6.9178	158.185	Micronesia, Federated States Of	0101000020E610000052B81E85EBC56340401361C3D3AB1B40	1	Good
219	Funafuti	-8.5167	179.2167	Tuvalu	0101000020E610000062A1D634EF666640B8AF03E78C0821C0	1	Good
220	Lobamba	-26.4465	31.2064	Swaziland	0101000020E6100000F7E461A1D6343F40FCA9F1D24D723AC0	1	Good
221	Avarua	-21.207	-159.771	Cook Islands	0101000020E6100000E9263108ACF863C0A245B6F3FD3435C0	1	Good
222	Saint George’s	12.0444	-61.7417	Grenada	0101000020E6100000BBB88D06F0DE4EC082E2C798BB162840	1	Good
225	Capitol Hill	15.2137	145.7546	Northern Mariana Islands	0101000020E6100000F931E6AE25386240764F1E166A6D2E40	1	Good
226	Basse-Terre	16	-61.7167	Guadeloupe	0101000020E610000088855AD3BCDB4EC00000000000003040	1	Good
227	Stanley	-51.7	-57.85	Falkland Islands (Islas Malvinas)	0101000020E6100000CDCCCCCCCCEC4CC09A99999999D949C0	1	Good
229	Alofi	-19.056	-169.921	Niue	0101000020E6100000B6F3FDD4783D65C075931804560E33C0	1	Good
230	Hagåtña	13.4745	144.7504	Guam	0101000020E6100000645DDC46031862406DE7FBA9F1F22A40	1	Good
233	Philipsburg	18.0256	-63.0492	Sint Maarten	0101000020E61000004A7B832F4C864FC011C7BAB88D063240	1	Good
234	Road Town	18.4167	-64.6167	Virgin Islands, British	0101000020E61000005DDC4603782750C0423EE8D9AC6A3240	1	Good
235	Gustavia	17.8958	-62.8508	Saint Barthelemy	0101000020E6100000E9B7AF03E76C4FC0BEC1172653E53140	1	Good
66	Warsaw	52.2167	21.0333	Poland	0101000020E6100000F1F44A598608354088855AD3BC1B4A40	1	Good
78	Sofia	42.6979	23.3217	Bulgaria	0101000020E61000008A1F63EE5A5237406FF085C954594540	1	Good
92	Yerevan	40.1814	44.5144	Armenia	0101000020E6100000FD87F4DBD741464048BF7D1D38174440	1	Good
97	Ashgabat	37.95	58.3833	Turkmenistan	0101000020E6100000454772F90F314D409A99999999F94240	1	Good
100	Monrovia	6.3106	-10.8047	Liberia	0101000020E6100000B22E6EA3019C25C0E78C28ED0D3E1940	1	Good
119	Colombo	6.9167	79.8333	Sri Lanka	0101000020E61000006FF085C954F5534009F9A067B3AA1B40	1	Good
125	Skopje	41.9833	21.4333	Macedonia	0101000020E6100000575BB1BFEC6E354012143FC6DCFD4440	1	Good
144	Juba	4.85	31.6	South Sudan	0101000020E61000009A99999999993F406666666666661340	1	Good
158	Gaborone	-24.6569	25.9086	Botswana	0101000020E6100000462575029AE839400EBE30992AA838C0	1	Good
160	Dili	-8.5586	125.5736	Timor-Leste	0101000020E6100000143FC6DCB5645F405917B7D1001E21C0	1	Good
166	Male	4.175	73.5083	Maldives	0101000020E6100000A323B9FC876052403333333333B31040	1	Good
172	Bern	46.948	7.4474	Switzerland	0101000020E6100000EEEBC03923CA1D40D34D621058794740	1	Good
177	Sri Jayewardenepura Kotte	6.9	79.9164	Sri Lanka	0101000020E61000007B832F4CA6FA53409A99999999991B40	1	Good
186	Cayenne	4.933	-52.33	French Guiana	0101000020E61000000AD7A3703D2A4AC008AC1C5A64BB1340	1	Good
193	Port of Spain	10.6667	-61.5167	Trinidad And Tobago	0101000020E6100000EEEBC03923C24EC0857CD0B359552540	1	Good
202	Tarawa	1.3382	173.0176	Kiribati	0101000020E61000001B0DE02D90A065407E1D38674469F53F	1	Good
209	Nuuk	64.175	-51.7333	Greenland	0101000020E610000012143FC6DCDD49C033333333330B5040	1	Good
217	Grand Turk	21.4664	-71.136	Turks And Caicos Islands	0101000020E610000062105839B4C851C0BADA8AFD65773540	1	Good
231	Jamestown	-15.9251	-5.7179	Saint Helena, Ascension, And Tristan Da Cunha	0101000020E61000009031772D21DF16C0280F0BB5A6D92FC0	1	Good
232	Marigot	18.0706	-63.0847	Saint Martin	0101000020E610000050FC1873D78A4FC0FC1873D712123240	1	Good
236	Saint-Pierre	46.7811	-56.1764	Saint Pierre And Miquelon	0101000020E6100000D881734694164CC0EB73B515FB634740	1	Good
237	The Valley	18.2167	-63.05	Anguilla	0101000020E61000006666666666864FC00F0BB5A679373240	1	Good
238	Mata-Utu	-13.2825	-176.1736	Wallis And Futuna	0101000020E6100000BD5296218E0566C0713D0AD7A3902AC0	1	Good
239	Kingston	-29.0569	167.9617	Norfolk Island	0101000020E61000000612143FC6FE6440742497FF900E3DC0	1	Good
240	Ngerulmud	7.5006	134.6242	Palau	0101000020E610000039454772F9D36040AA8251499D001E40	1	Good
243	Longyearbyen	78.2167	15.6333	Svalbard	0101000020E6100000151DC9E53F442F40C442AD69DE8D5340	1	Good
244	Adamstown	-25.0667	-130.0833	Pitcairn Islands	0101000020E610000038F8C264AA4260C0A9A44E40131139C0	1	Good
245	Flying Fish Cove	-10.4167	105.7167	Christmas Island	0101000020E6100000C442AD69DE6D5A40857CD0B359D524C0	1	Good
\.


--
-- Data for Name: air_quality_03_01_2022; Type: TABLE DATA; Schema: world_air_quality_schema; Owner: docker
--

COPY world_air_quality_schema.air_quality_03_01_2022 (ogc_fid, city, lat, lng, country, wkb_geometry, air_quality_int, air_quality_str) FROM stdin;
4	Seoul	37.56	126.99	Korea, South	0101000020E61000008FC2F5285CBF5F4048E17A14AEC74240	2	Moderate
13	Kinshasa	-4.3233	15.3081	Congo (Kinshasa)	0101000020E610000092CB7F48BF9D2E40EC2FBB270F4B11C0	2	Moderate
22	Khartoum	15.6031	32.5265	Sudan	0101000020E610000008AC1C5A64434040696FF085C9342F40	2	Moderate
26	Madrid	40.4167	-3.7167	Spain	0101000020E61000007958A835CDBB0DC0211FF46C56354440	2	Moderate
8	Moscow	55.7558	37.6178	Russia	0101000020E610000002BC051214CF42408D28ED0DBEE04B40	1	Good
27	Baghdad	33.35	44.4167	Iraq	0101000020E6100000211FF46C56354640CDCCCCCCCCAC4040	2	Moderate
29	Nairobi	-1.2864	36.8172	Kenya	0101000020E6100000462575029A684240BE30992A1895F4BF	2	Moderate
37	Algiers	36.7764	3.0586	Algeria	0101000020E6100000645DDC4603780840A54E401361634240	2	Moderate
40	Kuwait City	29.375	47.98	Kuwait	0101000020E61000003D0AD7A370FD47400000000000603D40	2	Moderate
43	Rome	41.8931	12.4828	Italy	0101000020E61000008104C58F31F728405F07CE1951F24440	2	Moderate
45	Pyongyang	39.03	125.73	Korea, North	0101000020E61000001F85EB51B86E5F40A4703D0AD7834340	2	Moderate
56	Phnom Penh	11.5696	104.921	Cambodia	0101000020E61000006DE7FBA9F13A5A406B9A779CA2232740	2	Moderate
20	Hanoi	21.0245	105.8412	Vietnam	0101000020E61000004B598638D6755A4083C0CAA145063540	6	Hazardous
65	Brazzaville	-4.2667	15.2833	Congo (Brazzaville)	0101000020E6100000E2E995B20C912E40705F07CE191111C0	2	Moderate
67	Damascus	33.5131	36.2919	Syria	0101000020E6100000E8D9ACFA5C254240EFC9C342ADC14040	2	Moderate
5	Mexico City	19.4333	-99.1333	Mexico	0101000020E6100000A323B9FC87C858C0575BB1BFEC6E3340	3	Unhealthy for Sensitive Group
71	Conakry	9.5092	-13.7122	Guinea	0101000020E6100000226C787AA56C2BC0143FC6DCB5042340	2	Moderate
80	Montevideo	-34.8667	-56.1667	Uruguay	0101000020E6100000211FF46C56154CC0BBB88D06F06E41C0	3	Unhealthy for Sensitive Group
2	Jakarta	-6.2146	106.8451	Indonesia	0101000020E610000060764F1E16B65A40EBE2361AC0DB18C0	4	Unhealthy
9	Bangkok	13.75	100.5167	Thailand	0101000020E6100000F775E09C112159400000000000802B40	4	Unhealthy
10	Buenos Aires	-34.5997	-58.3819	Argentina	0101000020E6100000D42B6519E2304DC0A2B437F8C24C41C0	4	Unhealthy
74	Muscat	23.6139	58.5922	Oman	0101000020E61000007958A835CD4B4D40B003E78C289D3740	2	Moderate
11	Dhaka	23.7289	90.3944	Bangladesh	0101000020E6100000B7627FD93D995640ED0DBE3099BA3740	4	Unhealthy
19	Kuala Lumpur	3.1478	101.6953	Malaysia	0101000020E61000002A3A92CB7F6C594058CA32C4B12E0940	4	Unhealthy
30	Ankara	39.93	32.85	Turkey	0101000020E6100000CDCCCCCCCC6C4040D7A3703D0AF74340	4	Unhealthy
54	Harare	-17.8292	31.0522	Zimbabwe	0101000020E6100000E8D9ACFA5C0D3F40DCD7817346D431C0	4	Unhealthy
76	Ulaanbaatar	47.9203	106.9172	Mongolia	0101000020E610000009F9A067B3BA5A402041F163CCF54740	4	Unhealthy
6	Beijing	39.905	116.3914	China	0101000020E6100000E2E995B20C195D40A4703D0AD7F34340	5	Very Unhealthy
31	Rangoon	16.8	96.15	Myanmar	0101000020E61000009A99999999095840CDCCCCCCCCCC3040	5	Very Unhealthy
85	Nay Pyi Taw	19.7475	96.115	Myanmar	0101000020E61000008FC2F5285C0758408FC2F5285CBF3340	2	Moderate
38	Addis Ababa	9.0272	38.7369	Ethiopia	0101000020E610000011363CBD525E434004E78C28ED0D2240	5	Very Unhealthy
73	Ouagadougou	12.3572	-1.5353	Burkina Faso	0101000020E6100000E3C798BB9690F8BF2D431CEBE2B62840	5	Very Unhealthy
87	Kigali	-1.9536	30.0606	Rwanda	0101000020E61000003A234A7B830F3E401973D712F241FFBF	2	Moderate
12	Tehran	35.7	51.4167	Iran	0101000020E6100000211FF46C56B549409A99999999D94140	1	Good
89	Tripoli	32.8752	13.1875	Libya	0101000020E61000000000000000602A40C7BAB88D06704040	2	Moderate
101	Port-au-Prince	18.5425	-72.3386	Haiti	0101000020E61000003D9B559FAB1552C07B14AE47E18A3240	2	Moderate
106	Asmara	15.3333	38.9167	Eritrea	0101000020E6100000211FF46C567543407B832F4CA6AA2E40	2	Moderate
82	Abuja	9.0556	7.4914	Nigeria	0101000020E61000008104C58F31F71D40B1506B9A771C2240	4	Unhealthy
102	Islamabad	33.6989	73.0369	Pakistan	0101000020E61000003C4ED1915C4252405396218E75D94040	4	Unhealthy
91	N’Djamena	12.11	15.05	Chad	0101000020E61000009A99999999192E40B81E85EB51382840	5	Very Unhealthy
94	Nouakchott	18.0858	-15.9785	Mauritania	0101000020E6100000A245B6F3FDF42FC02EFF21FDF6153240	5	Very Unhealthy
107	Freetown	8.4833	-13.2331	Sierra Leone	0101000020E61000002C6519E258772AC04850FC1873F72040	2	Moderate
98	Niamey	13.5086	2.1111	Niger	0101000020E61000004FAF946588E30040BF7D1D3867042B40	5	Very Unhealthy
103	Kathmandu	27.7167	85.3667	Nepal	0101000020E61000005DDC4603785755400F0BB5A679B73B40	6	Hazardous
130	Rabat	34.0253	-6.8361	Morocco	0101000020E61000000EBE30992A581BC05E4BC8073D034140	3	Unhealthy for Sensitive Group
86	Dakar	14.7319	-17.4572	Senegal	0101000020E610000030BB270F0B7531C082E2C798BB762D40	4	Unhealthy
72	Kampala	0.3136	32.5811	Uganda	0101000020E610000051DA1B7C614A40406EA301BC0512D43F	4	Unhealthy
123	Bujumbura	-3.3825	29.3611	Burundi	0101000020E6100000EA95B20C715C3D408FC2F5285C0F0BC0	2	Moderate
125	Skopje	41.9833	21.4333	Macedonia	0101000020E6100000575BB1BFEC6E354012143FC6DCFD4440	4	Unhealthy
241	Tifariti	26.0928	-10.6089	Morocco	0101000020E61000009D11A5BDC13725C09D11A5BDC1173A40	4	Unhealthy
242	Tifariti	26.0928	-10.6089	Western Sahara	0101000020E61000009D11A5BDC13725C09D11A5BDC1173A40	4	Unhealthy
21	Hong Kong	22.305	114.185	Hong Kong	0101000020E6100000A4703D0AD78B5C40AE47E17A144E3640	5	Very Unhealthy
134	Lisbon	38.7452	-9.1604	Portugal	0101000020E61000008A8EE4F21F5222C0567DAEB6625F4340	2	Moderate
60	Minsk	53.9022	27.5618	Belarus	0101000020E61000008FE4F21FD28F3B40C139234A7BF34A40	1	Good
66	Warsaw	52.2167	21.0333	Poland	0101000020E6100000F1F44A598608354088855AD3BC1B4A40	1	Good
68	Brussels	50.8333	4.3333	Belgium	0101000020E6100000F7065F984C551140DFE00B93A96A4940	1	Good
70	Lusaka	-15.4167	28.2833	Zambia	0101000020E6100000F1F44A5986483C40857CD0B359D52EC0	1	Good
75	The Hague	52.0767	4.2986	Netherlands	0101000020E6100000A857CA32C431114036CD3B4ED1094A40	1	Good
77	Belgrade	44.8167	20.4667	Serbia	0101000020E61000000F0BB5A679773440545227A089684640	1	Good
141	Beirut	33.8869	35.5131	Lebanon	0101000020E6100000EFC9C342ADC1414044696FF085F14040	2	Moderate
61	Caracas	10.5	-66.9333	Venezuela	0101000020E6100000D656EC2FBBBB50C00000000000002540	1	Good
59	Quito	-0.2186	-78.5097	Ecuador	0101000020E61000005BB1BFEC9EA053C0B3EA73B515FBCBBF	1	Good
63	Bucharest	44.4	26.0833	Romania	0101000020E6100000BEC1172653153A403333333333334640	1	Good
143	Bissau	11.8592	-15.5956	Guinea-Bissau	0101000020E6100000C5FEB27BF2302FC04772F90FE9B72740	2	Moderate
64	Asunción	-25.3	-57.6333	Paraguay	0101000020E6100000454772F90FD14CC0CDCCCCCCCC4C39C0	1	Good
62	Vienna	48.2083	16.3731	Austria	0101000020E61000003A234A7B835F3040DFE00B93A91A4840	1	Good
46	Taipei	25.0478	121.5319	Taiwan	0101000020E6100000832F4CA60A625E40B1BFEC9E3C0C3940	1	Good
52	Accra	5.6037	-0.187	Ghana	0101000020E6100000560E2DB29DEFC7BF7C613255306A1640	1	Good
15	London	51.5072	-0.1275	United Kingdom	0101000020E610000052B81E85EB51C0BFFE43FAEDEBC04940	1	Good
166	Male	4.175	73.5083	Maldives	0101000020E6100000A323B9FC876052403333333333B31040	2	Moderate
164	Gibraltar	36.1324	-5.3781	Gibraltar	0101000020E61000006C787AA52C8315C0C5FEB27BF2104240	3	Unhealthy for Sensitive Group
168	Manama	26.225	50.5775	Bahrain	0101000020E610000052B81E85EB4949409A99999999393A40	2	Moderate
175	Praia	14.9177	-23.5092	Cabo Verde	0101000020E61000008A1F63EE5A8237C012143FC6DCD52D40	3	Unhealthy for Sensitive Group
192	Gitega	-3.4264	29.9306	Burundi	0101000020E610000058A835CD3BEE3D407E1D386744690BC0	3	Unhealthy for Sensitive Group
191	Monaco	43.7396	7.4069	Monaco	0101000020E610000038F8C264AAA01D40910F7A36ABDE4540	2	Moderate
199	Banjul	13.4531	-16.5775	Gambia, The	0101000020E6100000A4703D0AD79330C09CA223B9FCE72A40	3	Unhealthy for Sensitive Group
228	Vatican City	41.9	12.4478	Vatican City	0101000020E6100000304CA60A46E528403333333333F34440	2	Moderate
171	New Delhi	28.7	77.2	India	0101000020E6100000CDCCCCCCCC4C53403333333333B33C40	6	Hazardous
79	Prague	50.0833	14.4167	Czechia	0101000020E6100000857CD0B359D52C40DFE00B93A90A4940	1	Good
78	Sofia	42.6979	23.3217	Bulgaria	0101000020E61000008A1F63EE5A5237406FF085C954594540	1	Good
83	Maputo	-25.9153	32.5764	Mozambique	0101000020E61000000BB5A679C74940405F07CE1951EA39C0	1	Good
84	Dublin	53.3497	-6.2603	Ireland	0101000020E61000005F984C158C0A19C0A2B437F8C2AC4A40	1	Good
88	Tegucigalpa	14.0942	-87.2067	Honduras	0101000020E61000005305A3923ACD55C000917EFB3A302C40	1	Good
93	Nur-Sultan	51.1333	71.4333	Kazakhstan	0101000020E6100000D656EC2FBBDB5140454772F90F914940	1	Good
90	Tbilisi	41.7225	44.7925	Georgia	0101000020E61000003D0AD7A37065464014AE47E17ADC4440	1	Good
95	Tunis	36.8008	10.18	Tunisia	0101000020E61000005C8FC2F5285C24408351499D80664240	1	Good
99	Managua	12.15	-86.2667	Nicaragua	0101000020E6100000F775E09C119155C0CDCCCCCCCC4C2840	1	Good
100	Monrovia	6.3106	-10.8047	Liberia	0101000020E6100000B22E6EA3019C25C0E78C28ED0D3E1940	1	Good
104	Abu Dhabi	24.4781	54.3686	United Arab Emirates	0101000020E61000001EA7E8482E2F4B40B537F8C2647A3840	1	Good
105	Stockholm	59.3294	18.0686	Sweden	0101000020E61000006F8104C58F113240B5A679C729AA4D40	1	Good
108	Jerusalem	31.7833	35.2167	Israel	0101000020E610000088855AD3BC9B4140F1F44A5986C83F40	1	Good
110	Panama City	9	-79.5	Panama	0101000020E61000000000000000E053C00000000000002240	1	Good
111	Amsterdam	52.3667	4.8833	Netherlands	0101000020E61000002A3A92CB7F881340BBB88D06F02E4A40	1	Good
112	Lomé	6.1319	1.2228	Togo	0101000020E6100000E3C798BB9690F33F9E5E29CB10871840	1	Good
113	Libreville	0.3901	9.4544	Gabon	0101000020E6100000D49AE61DA7E82240BADA8AFD65F7D83F	1	Good
114	Zagreb	45.8	15.95	Croatia	0101000020E61000006666666666E62F406666666666E64640	1	Good
115	Dushanbe	38.5731	68.7864	Tajikistan	0101000020E6100000C364AA605432514036AB3E575B494340	1	Good
116	Lilongwe	-13.9833	33.7833	Malawi	0101000020E6100000787AA52C43E440404850FC1873F72BC0	1	Good
117	Cotonou	6.4	2.52	Benin	0101000020E6100000295C8FC2F52804409A99999999991940	1	Good
119	Colombo	6.9167	79.8333	Sri Lanka	0101000020E61000006FF085C954F5534009F9A067B3AA1B40	1	Good
120	Pretoria	-25.7464	28.1881	South Africa	0101000020E6100000AA60545227303C4002BC051214BF39C0	1	Good
121	Oslo	59.9111	10.7528	Norway	0101000020E61000008CDB68006F8125405BB1BFEC9EF44D40	1	Good
122	Athens	37.9842	23.7281	Greece	0101000020E6100000B537F8C264BA3740925CFE43FAFD4240	1	Good
124	Helsinki	60.1756	24.9342	Finland	0101000020E610000057EC2FBB27EF3840BC96900F7A164E40	1	Good
126	Chisinau	47.0228	28.8353	Moldova	0101000020E61000004B598638D6D53C40A52C431CEB824740	1	Good
127	Riga	56.9475	24.1069	Latvia	0101000020E610000041F163CC5D1B3840E17A14AE47794C40	1	Good
128	Copenhagen	55.6761	12.5689	Denmark	0101000020E610000088635DDC46232940AD69DE718AD64B40	1	Good
129	Kingston	17.9714	-76.7931	Jamaica	0101000020E6100000499D8026C23253C09B559FABADF83140	1	Good
131	Vilnius	54.6833	25.2833	Lithuania	0101000020E6100000F1F44A5986483940ACADD85F76574B40	1	Good
132	San Salvador	13.6989	-89.1914	El Salvador	0101000020E6100000151DC9E53F4C56C04B598638D6652B40	1	Good
133	Djibouti	11.595	43.1481	Djibouti	0101000020E6100000D044D8F0F4924540713D0AD7A3302740	1	Good
135	Tallinn	59.4372	24.745	Estonia	0101000020E61000001F85EB51B8BE3840D5E76A2BF6B74D40	1	Good
136	Cape Town	-33.925	18.425	South Africa	0101000020E6100000CDCCCCCCCC6C32406666666666F640C0	1	Good
137	Bratislava	48.1447	17.1128	Slovakia	0101000020E610000022FDF675E01C314098DD938785124840	1	Good
139	Canberra	-35.2931	149.1269	Australia	0101000020E610000099BB96900FA46240933A014D84A541C0	1	Good
3	Manila	14.6	120.9833	Philippines	0101000020E6100000098A1F63EE3E5E403333333333332D40	2	Moderate
7	Cairo	30.0561	31.2394	Egypt	0101000020E610000093A98251493D3F403C4ED1915C0E3E40	2	Moderate
58	Bamako	12.6458	-7.9922	Mali	0101000020E6100000645DDC4603F81FC07B832F4CA64A2940	3	Unhealthy for Sensitive Group
16	Lima	-12.05	-77.0333	Peru	0101000020E61000003CBD5296214253C09A999999991928C0	1	Good
17	Bogotá	4.6126	-74.0705	Colombia	0101000020E61000008D976E12838452C04F1E166A4D731240	1	Good
33	Abidjan	5.3364	-4.0267	Côte D’Ivoire	0101000020E61000007A36AB3E571B10C0637FD93D79581540	2	Moderate
18	Luanda	-8.8383	13.2344	Angola	0101000020E6100000645DDC4603782A403E7958A835AD21C0	1	Good
23	Santiago	-33.45	-70.6667	Chile	0101000020E6100000910F7A36ABAA51C09A99999999B940C0	1	Good
24	Riyadh	24.65	46.71	Saudi Arabia	0101000020E61000007B14AE47E15A47406666666666A63840	1	Good
25	Dar es Salaam	-6.8	39.2833	Tanzania	0101000020E6100000787AA52C43A443403333333333331BC0	1	Good
32	Washington	38.9047	-77.0163	United States	0101000020E610000030BB270F0B4153C07958A835CD734340	1	Good
34	Amman	31.95	35.9333	Jordan	0101000020E6100000ACADD85F76F741403333333333F33F40	1	Good
81	Doha	25.3	51.5333	Qatar	0101000020E6100000787AA52C43C44940CDCCCCCCCC4C3940	2	Moderate
97	Ashgabat	37.95	58.3833	Turkmenistan	0101000020E6100000454772F90F314D409A99999999F94240	2	Moderate
36	Berlin	52.5167	13.3833	Germany	0101000020E6100000151DC9E53FC42A40EEEBC03923424A40	1	Good
35	Kabul	34.5328	69.1658	Afghanistan	0101000020E6100000516B9A779C4A514087A757CA32444140	1	Good
109	Bangui	4.3732	18.5628	Central African Republic	0101000020E610000055302AA91390324003780B24287E1140	2	Moderate
138	Tirana	41.33	19.82	Albania	0101000020E610000052B81E85EBD133400AD7A3703DAA4440	2	Moderate
39	Brasília	-15.7939	-47.8828	Brazil	0101000020E610000054742497FFF047C0BC96900F7A962FC0	1	Good
42	Sanaa	15.35	44.2	Yemen	0101000020E61000009A999999991946403333333333B32E40	1	Good
44	La Paz	-16.4942	-68.1475	Bolivia	0101000020E61000003D0AD7A3700951C0E6AE25E4837E30C0	1	Good
49	Guatemala City	14.6099	-90.5252	Guatemala	0101000020E6100000FDF675E09CA156C02AA913D044382D40	1	Good
50	Yaoundé	3.8578	11.5181	Cameroon	0101000020E61000007E1D3867440927400612143FC6DC0E40	1	Good
53	Baku	40.3667	49.8352	Azerbaijan	0101000020E610000042CF66D5E7EA4840BBB88D06F02E4440	1	Good
55	Havana	23.1367	-82.3589	Cuba	0101000020E610000034A2B437F89654C0FB5C6DC5FE223740	1	Good
57	Mogadishu	2.0408	45.3425	Somalia	0101000020E6100000A4703D0AD7AB4640166A4DF38E530040	1	Good
118	Vientiane	17.9667	102.6	Laos	0101000020E61000006666666666A659400F0BB5A679F73140	3	Unhealthy for Sensitive Group
140	Wellington	-41.2889	174.7772	New Zealand	0101000020E610000070CE88D2DED865403EE8D9ACFAA444C0	1	Good
142	Dodoma	-6.1835	35.746	Tanzania	0101000020E6100000736891ED7CDF414096438B6CE7BB18C0	1	Good
145	Port Moresby	-9.4789	147.1494	Papua New Guinea	0101000020E6100000B84082E2C7646240DA1B7C6132F522C0	1	Good
146	Yamoussoukro	6.8161	-5.2742	Côte D’Ivoire	0101000020E6100000B84082E2C71815C0F90FE9B7AF431B40	1	Good
147	Maseru	-29.31	27.48	Lesotho	0101000020E61000007B14AE47E17A3B408FC2F5285C4F3DC0	1	Good
148	Nicosia	35.1725	33.365	Cyprus	0101000020E61000001F85EB51B8AE4040AE47E17A14964140	1	Good
149	Windhoek	-22.57	17.0836	Namibia	0101000020E610000013F241CF6615314052B81E85EB9136C0	1	Good
150	Porto-Novo	6.4833	2.6167	Benin	0101000020E6100000AC8BDB6800EF044090A0F831E6EE1940	1	Good
152	San José	9.9333	-84.0833	Costa Rica	0101000020E61000006FF085C9540555C0AEB6627FD9DD2340	1	Good
153	Ljubljana	46.05	14.5167	Slovenia	0101000020E6100000B8AF03E78C082D406666666666064740	1	Good
154	Sarajevo	43.8667	18.4167	Bosnia And Herzegovina	0101000020E6100000423EE8D9AC6A3240BBB88D06F0EE4540	1	Good
155	Nassau	25.0667	-77.3333	Bahamas, The	0101000020E61000006FF085C9545553C0A9A44E4013113940	1	Good
156	Bloemfontein	-29.1	26.2167	South Africa	0101000020E61000000F0BB5A679373A409A99999999193DC0	1	Good
157	Fort-de-France	14.6104	-61.08	Martinique	0101000020E61000000AD7A3703D8A4EC0F1F44A5986382D40	1	Good
159	Paramaribo	5.8667	-55.1667	Suriname	0101000020E6100000211FF46C56954BC0D6C56D3480771740	1	Good
161	Pristina	42.6667	21.1667	Kosovo	0101000020E6100000423EE8D9AC2A3540211FF46C56554540	1	Good
162	Georgetown	6.7833	-58.1667	Guyana	0101000020E6100000211FF46C56154DC0C3D32B6519221B40	1	Good
163	Malabo	3.7521	8.7737	Equatorial Guinea	0101000020E610000095D40968228C2140A3923A014D040E40	1	Good
167	Podgorica	42.4397	19.2661	Montenegro	0101000020E610000032772D211F4433408E06F01648384540	1	Good
169	Port Louis	-20.1667	57.5	Mauritius	0101000020E61000000000000000C04C40423EE8D9AC2A34C0	1	Good
170	Willemstad	12.108	-68.935	Curaçao	0101000020E6100000A4703D0AD73B51C09EEFA7C64B372840	1	Good
174	Reykjavík	64.1475	-21.935	Iceland	0101000020E61000008FC2F5285CEF35C03D0AD7A370095040	1	Good
173	Papeete	-17.5334	-149.5667	French Polynesia	0101000020E610000095D4096822B262C0B8AF03E78C8831C0	1	Good
177	Sri Jayewardenepura Kotte	6.9	79.9164	Sri Lanka	0101000020E61000007B832F4CA6FA53409A99999999991B40	1	Good
179	Moroni	-11.7036	43.2536	Comoros	0101000020E6100000FF21FDF675A0454063EE5A423E6827C0	1	Good
180	Thimphu	27.4833	89.6333	Bhutan	0101000020E6100000A323B9FC8768564024287E8CB97B3B40	1	Good
181	Mbabane	-26.3208	31.1617	Swaziland	0101000020E610000061C3D32B65293F408A8EE4F21F523AC0	1	Good
183	Honiara	-9.4333	159.95	Solomon Islands	0101000020E61000006666666666FE6340AEB6627FD9DD22C0	1	Good
182	Nouméa	-22.2625	166.4443	New Caledonia	0101000020E61000009C33A2B437CE644033333333334336C0	1	Good
184	Suva	-18.1333	178.4333	Fiji	0101000020E61000006B2BF697DD4D66408A8EE4F21F2232C0	1	Good
185	Castries	14.0167	-60.9833	Saint Lucia	0101000020E610000012143FC6DC7D4EC0B8AF03E78C082C40	1	Good
186	Cayenne	4.933	-52.33	French Guiana	0101000020E61000000AD7A3703D2A4AC008AC1C5A64BB1340	1	Good
187	São Tomé	0.3333	6.7333	Sao Tome And Principe	0101000020E610000090A0F831E6EE1A40696FF085C954D53F	1	Good
188	Port-Vila	-17.7333	168.3167	Vanuatu	0101000020E610000095D40968220A654024287E8CB9BB31C0	1	Good
189	Hamilton	32.2942	-64.7839	Bermuda	0101000020E610000067D5E76A2B3250C0D93D7958A8254040	1	Good
193	Port of Spain	10.6667	-61.5167	Trinidad And Tobago	0101000020E6100000EEEBC03923C24EC0857CD0B359552540	1	Good
194	Apia	-13.8333	-171.8333	Samoa	0101000020E610000038F8C264AA7A65C07B832F4CA6AA2BC0	1	Good
195	Douglas	54.15	-4.4819	Isle Of Man	0101000020E610000005C58F3177ED11C03333333333134B40	1	Good
196	Oranjestad	12.5186	-70.0358	Aruba	0101000020E6100000984C158C4A8251C044696FF085092940	1	Good
198	Vaduz	47.1415	9.5215	Liechtenstein	0101000020E61000005EBA490C020B2340273108AC1C924740	1	Good
200	Mamoudzou	-12.7871	45.275	Mayotte	0101000020E61000003333333333A34640FB5C6DC5FE9229C0	1	Good
201	Majuro	7.0918	171.3802	Marshall Islands	0101000020E61000000EBE30992A6C65405917B7D1005E1C40	1	Good
202	Tarawa	1.3382	173.0176	Kiribati	0101000020E61000001B0DE02D90A065407E1D38674469F53F	1	Good
204	Victoria	-4.6236	55.4544	Seychelles	0101000020E6100000B5A679C729BA4B40742497FF907E12C0	1	Good
205	Kingstown	13.1667	-61.2333	Saint Vincent And The Grenadines	0101000020E610000012143FC6DC9D4EC0857CD0B359552A40	1	Good
206	Saint John’s	17.1211	-61.8447	Antigua And Barbuda	0101000020E610000032772D211FEC4EC0AC8BDB68001F3140	1	Good
207	Nuku‘alofa	-21.1347	-175.2083	Tonga	0101000020E610000038F8C264AAE665C06DC5FEB27B2235C0	1	Good
208	Andorra la Vella	42.5	1.5	Andorra	0101000020E6100000000000000000F83F0000000000404540	1	Good
209	Nuuk	64.175	-51.7333	Greenland	0101000020E610000012143FC6DCDD49C033333333330B5040	1	Good
211	Roseau	15.3	-61.3833	Dominica	0101000020E6100000454772F90FB14EC09A99999999992E40	1	Good
212	Basseterre	17.2983	-62.7342	Saint Kitts And Nevis	0101000020E6100000925CFE43FA5D4FC0956588635D4C3140	1	Good
213	Tórshavn	62	-6.7833	Faroe Islands	0101000020E6100000C3D32B6519221BC00000000000004F40	1	Good
214	Pago Pago	-14.274	-170.7046	American Samoa	0101000020E61000005F984C158C5665C03F355EBA498C2CC0	1	Good
215	Valletta	35.8978	14.5125	Malta	0101000020E61000006666666666062D40A52C431CEBF24140	1	Good
216	Gaza	31.5069	34.456	Gaza Strip	0101000020E6100000EE7C3F355E3A4140A857CA32C4813F40	1	Good
218	Palikir	6.9178	158.185	Micronesia, Federated States Of	0101000020E610000052B81E85EBC56340401361C3D3AB1B40	1	Good
219	Funafuti	-8.5167	179.2167	Tuvalu	0101000020E610000062A1D634EF666640B8AF03E78C0821C0	1	Good
220	Lobamba	-26.4465	31.2064	Swaziland	0101000020E6100000F7E461A1D6343F40FCA9F1D24D723AC0	1	Good
221	Avarua	-21.207	-159.771	Cook Islands	0101000020E6100000E9263108ACF863C0A245B6F3FD3435C0	1	Good
222	Saint George’s	12.0444	-61.7417	Grenada	0101000020E6100000BBB88D06F0DE4EC082E2C798BB162840	1	Good
223	San Marino	43.932	12.4484	San Marino	0101000020E6100000840D4FAF94E528409EEFA7C64BF74540	1	Good
225	Capitol Hill	15.2137	145.7546	Northern Mariana Islands	0101000020E6100000F931E6AE25386240764F1E166A6D2E40	1	Good
226	Basse-Terre	16	-61.7167	Guadeloupe	0101000020E610000088855AD3BCDB4EC00000000000003040	1	Good
227	Stanley	-51.7	-57.85	Falkland Islands (Islas Malvinas)	0101000020E6100000CDCCCCCCCCEC4CC09A99999999D949C0	1	Good
229	Alofi	-19.056	-169.921	Niue	0101000020E6100000B6F3FDD4783D65C075931804560E33C0	1	Good
230	Hagåtña	13.4745	144.7504	Guam	0101000020E6100000645DDC46031862406DE7FBA9F1F22A40	1	Good
232	Marigot	18.0706	-63.0847	Saint Martin	0101000020E610000050FC1873D78A4FC0FC1873D712123240	1	Good
233	Philipsburg	18.0256	-63.0492	Sint Maarten	0101000020E61000004A7B832F4C864FC011C7BAB88D063240	1	Good
234	Road Town	18.4167	-64.6167	Virgin Islands, British	0101000020E61000005DDC4603782750C0423EE8D9AC6A3240	1	Good
235	Gustavia	17.8958	-62.8508	Saint Barthelemy	0101000020E6100000E9B7AF03E76C4FC0BEC1172653E53140	1	Good
1	Tokyo	35.6897	139.6922	Japan	0101000020E610000052499D80267661408E06F01648D84140	1	Good
14	Paris	48.8566	2.3522	France	0101000020E6100000A835CD3B4ED1024076E09C11A56D4840	1	Good
28	Singapore	1.3	103.8	Singapore	0101000020E61000003333333333F35940CDCCCCCCCCCCF43F	1	Good
41	Kyiv	50.45	30.5236	Ukraine	0101000020E6100000832F4CA60A863E409A99999999394940	1	Good
48	Santo Domingo	18.4764	-69.8933	Dominican Republic	0101000020E61000001361C3D32B7951C07DD0B359F5793240	1	Good
69	Budapest	47.4983	19.0408	Hungary	0101000020E610000043AD69DE710A334064CC5D4BC8BF4740	1	Good
47	Antananarivo	-18.9386	47.5214	Madagascar	0101000020E61000003411363CBDC247408E06F01648F032C0	1	Good
51	Tashkent	41.3	69.2667	Uzbekistan	0101000020E6100000F775E09C115151406666666666A64440	1	Good
92	Yerevan	40.1814	44.5144	Armenia	0101000020E6100000FD87F4DBD741464048BF7D1D38174440	1	Good
96	Bishkek	42.8667	74.5667	Kyrgyzstan	0101000020E61000002AA913D044A45240BBB88D06F06E4540	1	Good
144	Juba	4.85	31.6	South Sudan	0101000020E61000009A99999999993F406666666666661340	1	Good
151	Sucre	-19.0431	-65.2592	Bolivia	0101000020E6100000E3C798BB965050C02575029A080B33C0	1	Good
158	Gaborone	-24.6569	25.9086	Botswana	0101000020E6100000462575029AE839400EBE30992AA838C0	1	Good
160	Dili	-8.5586	125.5736	Timor-Leste	0101000020E6100000143FC6DCB5645F405917B7D1001E21C0	1	Good
165	Saint-Denis	-20.8789	55.4481	Reunion	0101000020E610000036AB3E575BB94B4054742497FFE034C0	1	Good
172	Bern	46.948	7.4474	Switzerland	0101000020E6100000EEEBC03923CA1D40D34D621058794740	1	Good
176	Luxembourg	49.6106	6.1328	Luxembourg	0101000020E61000009CA223B9FC87184003780B2428CE4840	1	Good
178	Bridgetown	13.0975	-59.6167	Barbados	0101000020E6100000BBB88D06F0CE4DC052B81E85EB312A40	1	Good
190	Bandar Seri Begawan	4.9167	114.9167	Brunei	0101000020E6100000910F7A36ABBA5C4009F9A067B3AA1340	1	Good
197	Saint Helier	49.1833	-2.1167	Jersey	0101000020E6100000AC8BDB6800EF00C0ACADD85F76974840	1	Good
203	George Town	19.2866	-81.3744	Cayman Islands	0101000020E6100000D5E76A2BF65754C09A081B9E5E493340	1	Good
210	Belmopan	17.25	-88.7675	Belize	0101000020E610000085EB51B81E3156C00000000000403140	1	Good
217	Grand Turk	21.4664	-71.136	Turks And Caicos Islands	0101000020E610000062105839B4C851C0BADA8AFD65773540	1	Good
224	Al Quds	31.7764	35.2269	West Bank	0101000020E610000030BB270F0B9D4140499D8026C2C63F40	1	Good
231	Jamestown	-15.9251	-5.7179	Saint Helena, Ascension, And Tristan Da Cunha	0101000020E61000009031772D21DF16C0280F0BB5A6D92FC0	1	Good
236	Saint-Pierre	46.7811	-56.1764	Saint Pierre And Miquelon	0101000020E6100000D881734694164CC0EB73B515FB634740	1	Good
237	The Valley	18.2167	-63.05	Anguilla	0101000020E61000006666666666864FC00F0BB5A679373240	1	Good
238	Mata-Utu	-13.2825	-176.1736	Wallis And Futuna	0101000020E6100000BD5296218E0566C0713D0AD7A3902AC0	1	Good
239	Kingston	-29.0569	167.9617	Norfolk Island	0101000020E61000000612143FC6FE6440742497FF900E3DC0	1	Good
240	Ngerulmud	7.5006	134.6242	Palau	0101000020E610000039454772F9D36040AA8251499D001E40	1	Good
243	Longyearbyen	78.2167	15.6333	Svalbard	0101000020E6100000151DC9E53F442F40C442AD69DE8D5340	1	Good
245	Flying Fish Cove	-10.4167	105.7167	Christmas Island	0101000020E6100000C442AD69DE6D5A40857CD0B359D524C0	1	Good
244	Adamstown	-25.0667	-130.0833	Pitcairn Islands	0101000020E610000038F8C264AA4260C0A9A44E40131139C0	1	Good
\.


--
-- Data for Name: air_quality_05_01_2022; Type: TABLE DATA; Schema: world_air_quality_schema; Owner: docker
--

COPY world_air_quality_schema.air_quality_05_01_2022 (ogc_fid, city, lat, lng, country, wkb_geometry, air_quality_int, air_quality_str) FROM stdin;
4	Seoul	37.56	126.99	Korea, South	0101000020E61000008FC2F5285CBF5F4048E17A14AEC74240	2	Moderate
7	Cairo	30.0561	31.2394	Egypt	0101000020E610000093A98251493D3F403C4ED1915C0E3E40	2	Moderate
17	Bogotá	4.6126	-74.0705	Colombia	0101000020E61000008D976E12838452C04F1E166A4D731240	2	Moderate
8	Moscow	55.7558	37.6178	Russia	0101000020E610000002BC051214CF42408D28ED0DBEE04B40	1	Good
19	Kuala Lumpur	3.1478	101.6953	Malaysia	0101000020E61000002A3A92CB7F6C594058CA32C4B12E0940	2	Moderate
22	Khartoum	15.6031	32.5265	Sudan	0101000020E610000008AC1C5A64434040696FF085C9342F40	2	Moderate
23	Santiago	-33.45	-70.6667	Chile	0101000020E6100000910F7A36ABAA51C09A99999999B940C0	2	Moderate
27	Baghdad	33.35	44.4167	Iraq	0101000020E6100000211FF46C56354640CDCCCCCCCCAC4040	2	Moderate
5	Mexico City	19.4333	-99.1333	Mexico	0101000020E6100000A323B9FC87C858C0575BB1BFEC6E3340	3	Unhealthy for Sensitive Group
31	Rangoon	16.8	96.15	Myanmar	0101000020E61000009A99999999095840CDCCCCCCCCCC3040	3	Unhealthy for Sensitive Group
52	Accra	5.6037	-0.187	Ghana	0101000020E6100000560E2DB29DEFC7BF7C613255306A1640	2	Moderate
33	Abidjan	5.3364	-4.0267	Côte D’Ivoire	0101000020E61000007A36AB3E571B10C0637FD93D79581540	3	Unhealthy for Sensitive Group
42	Sanaa	15.35	44.2	Yemen	0101000020E61000009A999999991946403333333333B32E40	3	Unhealthy for Sensitive Group
46	Taipei	25.0478	121.5319	Taiwan	0101000020E6100000832F4CA60A625E40B1BFEC9E3C0C3940	3	Unhealthy for Sensitive Group
9	Bangkok	13.75	100.5167	Thailand	0101000020E6100000F775E09C112159400000000000802B40	4	Unhealthy
20	Hanoi	21.0245	105.8412	Vietnam	0101000020E61000004B598638D6755A4083C0CAA145063540	4	Unhealthy
57	Mogadishu	2.0408	45.3425	Somalia	0101000020E6100000A4703D0AD7AB4640166A4DF38E530040	2	Moderate
30	Ankara	39.93	32.85	Turkey	0101000020E6100000CDCCCCCCCC6C4040D7A3703D0AF74340	4	Unhealthy
58	Bamako	12.6458	-7.9922	Mali	0101000020E6100000645DDC4603F81FC07B832F4CA64A2940	4	Unhealthy
73	Ouagadougou	12.3572	-1.5353	Burkina Faso	0101000020E6100000E3C798BB9690F8BF2D431CEBE2B62840	4	Unhealthy
63	Bucharest	44.4	26.0833	Romania	0101000020E6100000BEC1172653153A403333333333334640	2	Moderate
6	Beijing	39.905	116.3914	China	0101000020E6100000E2E995B20C195D40A4703D0AD7F34340	5	Very Unhealthy
80	Montevideo	-34.8667	-56.1667	Uruguay	0101000020E6100000211FF46C56154CC0BBB88D06F06E41C0	1	Good
83	Maputo	-25.9153	32.5764	Mozambique	0101000020E61000000BB5A679C74940405F07CE1951EA39C0	1	Good
84	Dublin	53.3497	-6.2603	Ireland	0101000020E61000005F984C158C0A19C0A2B437F8C2AC4A40	1	Good
71	Conakry	9.5092	-13.7122	Guinea	0101000020E6100000226C787AA56C2BC0143FC6DCB5042340	2	Moderate
88	Tegucigalpa	14.0942	-87.2067	Honduras	0101000020E61000005305A3923ACD55C000917EFB3A302C40	1	Good
93	Nur-Sultan	51.1333	71.4333	Kazakhstan	0101000020E6100000D656EC2FBBDB5140454772F90F914940	1	Good
92	Yerevan	40.1814	44.5144	Armenia	0101000020E6100000FD87F4DBD741464048BF7D1D38174440	1	Good
78	Sofia	42.6979	23.3217	Bulgaria	0101000020E61000008A1F63EE5A5237406FF085C954594540	2	Moderate
96	Bishkek	42.8667	74.5667	Kyrgyzstan	0101000020E61000002AA913D044A45240BBB88D06F06E4540	1	Good
11	Dhaka	23.7289	90.3944	Bangladesh	0101000020E6100000B7627FD93D995640ED0DBE3099BA3740	5	Very Unhealthy
72	Kampala	0.3136	32.5811	Uganda	0101000020E610000051DA1B7C614A40406EA301BC0512D43F	5	Very Unhealthy
48	Santo Domingo	18.4764	-69.8933	Dominican Republic	0101000020E61000001361C3D32B7951C07DD0B359F5793240	1	Good
49	Guatemala City	14.6099	-90.5252	Guatemala	0101000020E6100000FDF675E09CA156C02AA913D044382D40	1	Good
51	Tashkent	41.3	69.2667	Uzbekistan	0101000020E6100000F775E09C115151406666666666A64440	1	Good
53	Baku	40.3667	49.8352	Azerbaijan	0101000020E610000042CF66D5E7EA4840BBB88D06F02E4440	1	Good
54	Harare	-17.8292	31.0522	Zimbabwe	0101000020E6100000E8D9ACFA5C0D3F40DCD7817346D431C0	1	Good
10	Buenos Aires	-34.5997	-58.3819	Argentina	0101000020E6100000D42B6519E2304DC0A2B437F8C24C41C0	1	Good
87	Kigali	-1.9536	30.0606	Rwanda	0101000020E61000003A234A7B830F3E401973D712F241FFBF	3	Unhealthy for Sensitive Group
97	Ashgabat	37.95	58.3833	Turkmenistan	0101000020E6100000454772F90F314D409A99999999F94240	1	Good
99	Managua	12.15	-86.2667	Nicaragua	0101000020E6100000F775E09C119155C0CDCCCCCCCC4C2840	1	Good
100	Monrovia	6.3106	-10.8047	Liberia	0101000020E6100000B22E6EA3019C25C0E78C28ED0D3E1940	1	Good
105	Stockholm	59.3294	18.0686	Sweden	0101000020E61000006F8104C58F113240B5A679C729AA4D40	1	Good
108	Jerusalem	31.7833	35.2167	Israel	0101000020E610000088855AD3BC9B4140F1F44A5986C83F40	1	Good
89	Tripoli	32.8752	13.1875	Libya	0101000020E61000000000000000602A40C7BAB88D06704040	2	Moderate
111	Amsterdam	52.3667	4.8833	Netherlands	0101000020E61000002A3A92CB7F881340BBB88D06F02E4A40	1	Good
112	Lomé	6.1319	1.2228	Togo	0101000020E6100000E3C798BB9690F33F9E5E29CB10871840	1	Good
113	Libreville	0.3901	9.4544	Gabon	0101000020E6100000D49AE61DA7E82240BADA8AFD65F7D83F	1	Good
114	Zagreb	45.8	15.95	Croatia	0101000020E61000006666666666E62F406666666666E64640	1	Good
115	Dushanbe	38.5731	68.7864	Tajikistan	0101000020E6100000C364AA605432514036AB3E575B494340	1	Good
116	Lilongwe	-13.9833	33.7833	Malawi	0101000020E6100000787AA52C43E440404850FC1873F72BC0	1	Good
117	Cotonou	6.4	2.52	Benin	0101000020E6100000295C8FC2F52804409A99999999991940	1	Good
122	Athens	37.9842	23.7281	Greece	0101000020E6100000B537F8C264BA3740925CFE43FAFD4240	1	Good
101	Port-au-Prince	18.5425	-72.3386	Haiti	0101000020E61000003D9B559FAB1552C07B14AE47E18A3240	2	Moderate
124	Helsinki	60.1756	24.9342	Finland	0101000020E610000057EC2FBB27EF3840BC96900F7A164E40	1	Good
126	Chisinau	47.0228	28.8353	Moldova	0101000020E61000004B598638D6D53C40A52C431CEB824740	1	Good
127	Riga	56.9475	24.1069	Latvia	0101000020E610000041F163CC5D1B3840E17A14AE47794C40	1	Good
104	Abu Dhabi	24.4781	54.3686	United Arab Emirates	0101000020E61000001EA7E8482E2F4B40B537F8C2647A3840	2	Moderate
106	Asmara	15.3333	38.9167	Eritrea	0101000020E6100000211FF46C567543407B832F4CA6AA2E40	2	Moderate
118	Vientiane	17.9667	102.6	Laos	0101000020E61000006666666666A659400F0BB5A679F73140	2	Moderate
119	Colombo	6.9167	79.8333	Sri Lanka	0101000020E61000006FF085C954F5534009F9A067B3AA1B40	2	Moderate
123	Bujumbura	-3.3825	29.3611	Burundi	0101000020E6100000EA95B20C715C3D408FC2F5285C0F0BC0	2	Moderate
129	Kingston	17.9714	-76.7931	Jamaica	0101000020E6100000499D8026C23253C09B559FABADF83140	2	Moderate
133	Djibouti	11.595	43.1481	Djibouti	0101000020E6100000D044D8F0F4924540713D0AD7A3302740	2	Moderate
144	Juba	4.85	31.6	South Sudan	0101000020E61000009A99999999993F406666666666661340	2	Moderate
149	Windhoek	-22.57	17.0836	Namibia	0101000020E610000013F241CF6615314052B81E85EB9136C0	2	Moderate
102	Islamabad	33.6989	73.0369	Pakistan	0101000020E61000003C4ED1915C4252405396218E75D94040	3	Unhealthy for Sensitive Group
109	Bangui	4.3732	18.5628	Central African Republic	0101000020E610000055302AA91390324003780B24287E1140	3	Unhealthy for Sensitive Group
143	Bissau	11.8592	-15.5956	Guinea-Bissau	0101000020E6100000C5FEB27BF2302FC04772F90FE9B72740	3	Unhealthy for Sensitive Group
86	Dakar	14.7319	-17.4572	Senegal	0101000020E610000030BB270F0B7531C082E2C798BB762D40	4	Unhealthy
125	Skopje	41.9833	21.4333	Macedonia	0101000020E6100000575BB1BFEC6E354012143FC6DCFD4440	4	Unhealthy
82	Abuja	9.0556	7.4914	Nigeria	0101000020E61000008104C58F31F71D40B1506B9A771C2240	5	Very Unhealthy
103	Kathmandu	27.7167	85.3667	Nepal	0101000020E61000005DDC4603785755400F0BB5A679B73B40	5	Very Unhealthy
91	N’Djamena	12.11	15.05	Chad	0101000020E61000009A99999999192E40B81E85EB51382840	6	Hazardous
128	Copenhagen	55.6761	12.5689	Denmark	0101000020E610000088635DDC46232940AD69DE718AD64B40	1	Good
130	Rabat	34.0253	-6.8361	Morocco	0101000020E61000000EBE30992A581BC05E4BC8073D034140	1	Good
131	Vilnius	54.6833	25.2833	Lithuania	0101000020E6100000F1F44A5986483940ACADD85F76574B40	1	Good
134	Lisbon	38.7452	-9.1604	Portugal	0101000020E61000008A8EE4F21F5222C0567DAEB6625F4340	1	Good
135	Tallinn	59.4372	24.745	Estonia	0101000020E61000001F85EB51B8BE3840D5E76A2BF6B74D40	1	Good
136	Cape Town	-33.925	18.425	South Africa	0101000020E6100000CDCCCCCCCC6C32406666666666F640C0	1	Good
137	Bratislava	48.1447	17.1128	Slovakia	0101000020E610000022FDF675E01C314098DD938785124840	1	Good
138	Tirana	41.33	19.82	Albania	0101000020E610000052B81E85EBD133400AD7A3703DAA4440	1	Good
139	Canberra	-35.2931	149.1269	Australia	0101000020E610000099BB96900FA46240933A014D84A541C0	1	Good
141	Beirut	33.8869	35.5131	Lebanon	0101000020E6100000EFC9C342ADC1414044696FF085F14040	1	Good
142	Dodoma	-6.1835	35.746	Tanzania	0101000020E6100000736891ED7CDF414096438B6CE7BB18C0	1	Good
146	Yamoussoukro	6.8161	-5.2742	Côte D’Ivoire	0101000020E6100000B84082E2C71815C0F90FE9B7AF431B40	1	Good
147	Maseru	-29.31	27.48	Lesotho	0101000020E61000007B14AE47E17A3B408FC2F5285C4F3DC0	1	Good
148	Nicosia	35.1725	33.365	Cyprus	0101000020E61000001F85EB51B8AE4040AE47E17A14964140	1	Good
150	Porto-Novo	6.4833	2.6167	Benin	0101000020E6100000AC8BDB6800EF044090A0F831E6EE1940	1	Good
151	Sucre	-19.0431	-65.2592	Bolivia	0101000020E6100000E3C798BB965050C02575029A080B33C0	1	Good
76	Ulaanbaatar	47.9203	106.9172	Mongolia	0101000020E610000009F9A067B3BA5A402041F163CCF54740	3	Unhealthy for Sensitive Group
242	Tifariti	26.0928	-10.6089	Western Sahara	0101000020E61000009D11A5BDC13725C09D11A5BDC1173A40	3	Unhealthy for Sensitive Group
241	Tifariti	26.0928	-10.6089	Morocco	0101000020E61000009D11A5BDC13725C09D11A5BDC1173A40	3	Unhealthy for Sensitive Group
21	Hong Kong	22.305	114.185	Hong Kong	0101000020E6100000A4703D0AD78B5C40AE47E17A144E3640	4	Unhealthy
38	Addis Ababa	9.0272	38.7369	Ethiopia	0101000020E610000011363CBD525E434004E78C28ED0D2240	4	Unhealthy
15	London	51.5072	-0.1275	United Kingdom	0101000020E610000052B81E85EB51C0BFFE43FAEDEBC04940	1	Good
16	Lima	-12.05	-77.0333	Peru	0101000020E61000003CBD5296214253C09A999999991928C0	1	Good
18	Luanda	-8.8383	13.2344	Angola	0101000020E6100000645DDC4603782A403E7958A835AD21C0	1	Good
24	Riyadh	24.65	46.71	Saudi Arabia	0101000020E61000007B14AE47E15A47406666666666A63840	1	Good
25	Dar es Salaam	-6.8	39.2833	Tanzania	0101000020E6100000787AA52C43A443403333333333331BC0	1	Good
26	Madrid	40.4167	-3.7167	Spain	0101000020E61000007958A835CDBB0DC0211FF46C56354440	1	Good
32	Washington	38.9047	-77.0163	United States	0101000020E610000030BB270F0B4153C07958A835CD734340	1	Good
34	Amman	31.95	35.9333	Jordan	0101000020E6100000ACADD85F76F741403333333333F33F40	1	Good
35	Kabul	34.5328	69.1658	Afghanistan	0101000020E6100000516B9A779C4A514087A757CA32444140	1	Good
36	Berlin	52.5167	13.3833	Germany	0101000020E6100000151DC9E53FC42A40EEEBC03923424A40	1	Good
37	Algiers	36.7764	3.0586	Algeria	0101000020E6100000645DDC4603780840A54E401361634240	1	Good
39	Brasília	-15.7939	-47.8828	Brazil	0101000020E610000054742497FFF047C0BC96900F7A962FC0	1	Good
40	Kuwait City	29.375	47.98	Kuwait	0101000020E61000003D0AD7A370FD47400000000000603D40	1	Good
41	Kyiv	50.45	30.5236	Ukraine	0101000020E6100000832F4CA60A863E409A99999999394940	1	Good
43	Rome	41.8931	12.4828	Italy	0101000020E61000008104C58F31F728405F07CE1951F24440	1	Good
29	Nairobi	-1.2864	36.8172	Kenya	0101000020E6100000462575029A684240BE30992A1895F4BF	2	Moderate
85	Nay Pyi Taw	19.7475	96.115	Myanmar	0101000020E61000008FC2F5285C0758408FC2F5285CBF3340	2	Moderate
216	Gaza	31.5069	34.456	Gaza Strip	0101000020E6100000EE7C3F355E3A4140A857CA32C4813F40	2	Moderate
94	Nouakchott	18.0858	-15.9785	Mauritania	0101000020E6100000A245B6F3FDF42FC02EFF21FDF6153240	6	Hazardous
55	Havana	23.1367	-82.3589	Cuba	0101000020E610000034A2B437F89654C0FB5C6DC5FE223740	1	Good
59	Quito	-0.2186	-78.5097	Ecuador	0101000020E61000005BB1BFEC9EA053C0B3EA73B515FBCBBF	1	Good
60	Minsk	53.9022	27.5618	Belarus	0101000020E61000008FE4F21FD28F3B40C139234A7BF34A40	1	Good
61	Caracas	10.5	-66.9333	Venezuela	0101000020E6100000D656EC2FBBBB50C00000000000002540	1	Good
64	Asunción	-25.3	-57.6333	Paraguay	0101000020E6100000454772F90FD14CC0CDCCCCCCCC4C39C0	1	Good
65	Brazzaville	-4.2667	15.2833	Congo (Brazzaville)	0101000020E6100000E2E995B20C912E40705F07CE191111C0	1	Good
66	Warsaw	52.2167	21.0333	Poland	0101000020E6100000F1F44A598608354088855AD3BC1B4A40	1	Good
67	Damascus	33.5131	36.2919	Syria	0101000020E6100000E8D9ACFA5C254240EFC9C342ADC14040	1	Good
68	Brussels	50.8333	4.3333	Belgium	0101000020E6100000F7065F984C551140DFE00B93A96A4940	1	Good
70	Lusaka	-15.4167	28.2833	Zambia	0101000020E6100000F1F44A5986483C40857CD0B359D52EC0	1	Good
74	Muscat	23.6139	58.5922	Oman	0101000020E61000007958A835CD4B4D40B003E78C289D3740	1	Good
75	The Hague	52.0767	4.2986	Netherlands	0101000020E6100000A857CA32C431114036CD3B4ED1094A40	1	Good
77	Belgrade	44.8167	20.4667	Serbia	0101000020E61000000F0BB5A679773440545227A089684640	1	Good
12	Tehran	35.7	51.4167	Iran	0101000020E6100000211FF46C56B549409A99999999D94140	1	Good
14	Paris	48.8566	2.3522	France	0101000020E6100000A835CD3B4ED1024076E09C11A56D4840	1	Good
199	Banjul	13.4531	-16.5775	Gambia, The	0101000020E6100000A4703D0AD79330C09CA223B9FCE72A40	3	Unhealthy for Sensitive Group
175	Praia	14.9177	-23.5092	Cabo Verde	0101000020E61000008A1F63EE5A8237C012143FC6DCD52D40	4	Unhealthy
171	New Delhi	28.7	77.2	India	0101000020E6100000CDCCCCCCCC4C53403333333333B33C40	6	Hazardous
79	Prague	50.0833	14.4167	Czechia	0101000020E6100000857CD0B359D52C40DFE00B93A90A4940	1	Good
44	La Paz	-16.4942	-68.1475	Bolivia	0101000020E61000003D0AD7A3700951C0E6AE25E4837E30C0	1	Good
47	Antananarivo	-18.9386	47.5214	Madagascar	0101000020E61000003411363CBDC247408E06F01648F032C0	1	Good
2	Jakarta	-6.2146	106.8451	Indonesia	0101000020E610000060764F1E16B65A40EBE2361AC0DB18C0	6	Hazardous
98	Niamey	13.5086	2.1111	Niger	0101000020E61000004FAF946588E30040BF7D1D3867042B40	6	Hazardous
153	Ljubljana	46.05	14.5167	Slovenia	0101000020E6100000B8AF03E78C082D406666666666064740	1	Good
154	Sarajevo	43.8667	18.4167	Bosnia And Herzegovina	0101000020E6100000423EE8D9AC6A3240BBB88D06F0EE4540	1	Good
155	Nassau	25.0667	-77.3333	Bahamas, The	0101000020E61000006FF085C9545553C0A9A44E4013113940	1	Good
156	Bloemfontein	-29.1	26.2167	South Africa	0101000020E61000000F0BB5A679373A409A99999999193DC0	1	Good
157	Fort-de-France	14.6104	-61.08	Martinique	0101000020E61000000AD7A3703D8A4EC0F1F44A5986382D40	1	Good
158	Gaborone	-24.6569	25.9086	Botswana	0101000020E6100000462575029AE839400EBE30992AA838C0	1	Good
166	Male	4.175	73.5083	Maldives	0101000020E6100000A323B9FC876052403333333333B31040	2	Moderate
177	Sri Jayewardenepura Kotte	6.9	79.9164	Sri Lanka	0101000020E61000007B832F4CA6FA53409A99999999991B40	2	Moderate
192	Gitega	-3.4264	29.9306	Burundi	0101000020E610000058A835CD3BEE3D407E1D386744690BC0	2	Moderate
215	Valletta	35.8978	14.5125	Malta	0101000020E61000006666666666062D40A52C431CEBF24140	2	Moderate
161	Pristina	42.6667	21.1667	Kosovo	0101000020E6100000423EE8D9AC2A3540211FF46C56554540	1	Good
203	George Town	19.2866	-81.3744	Cayman Islands	0101000020E6100000D5E76A2BF65754C09A081B9E5E493340	1	Good
204	Victoria	-4.6236	55.4544	Seychelles	0101000020E6100000B5A679C729BA4B40742497FF907E12C0	1	Good
205	Kingstown	13.1667	-61.2333	Saint Vincent And The Grenadines	0101000020E610000012143FC6DC9D4EC0857CD0B359552A40	1	Good
206	Saint John’s	17.1211	-61.8447	Antigua And Barbuda	0101000020E610000032772D211FEC4EC0AC8BDB68001F3140	1	Good
208	Andorra la Vella	42.5	1.5	Andorra	0101000020E6100000000000000000F83F0000000000404540	1	Good
207	Nuku‘alofa	-21.1347	-175.2083	Tonga	0101000020E610000038F8C264AAE665C06DC5FEB27B2235C0	1	Good
210	Belmopan	17.25	-88.7675	Belize	0101000020E610000085EB51B81E3156C00000000000403140	1	Good
211	Roseau	15.3	-61.3833	Dominica	0101000020E6100000454772F90FB14EC09A99999999992E40	1	Good
212	Basseterre	17.2983	-62.7342	Saint Kitts And Nevis	0101000020E6100000925CFE43FA5D4FC0956588635D4C3140	1	Good
213	Tórshavn	62	-6.7833	Faroe Islands	0101000020E6100000C3D32B6519221BC00000000000004F40	1	Good
214	Pago Pago	-14.274	-170.7046	American Samoa	0101000020E61000005F984C158C5665C03F355EBA498C2CC0	1	Good
217	Grand Turk	21.4664	-71.136	Turks And Caicos Islands	0101000020E610000062105839B4C851C0BADA8AFD65773540	1	Good
218	Palikir	6.9178	158.185	Micronesia, Federated States Of	0101000020E610000052B81E85EBC56340401361C3D3AB1B40	1	Good
219	Funafuti	-8.5167	179.2167	Tuvalu	0101000020E610000062A1D634EF666640B8AF03E78C0821C0	1	Good
220	Lobamba	-26.4465	31.2064	Swaziland	0101000020E6100000F7E461A1D6343F40FCA9F1D24D723AC0	1	Good
221	Avarua	-21.207	-159.771	Cook Islands	0101000020E6100000E9263108ACF863C0A245B6F3FD3435C0	1	Good
222	Saint George’s	12.0444	-61.7417	Grenada	0101000020E6100000BBB88D06F0DE4EC082E2C798BB162840	1	Good
224	Al Quds	31.7764	35.2269	West Bank	0101000020E610000030BB270F0B9D4140499D8026C2C63F40	1	Good
226	Basse-Terre	16	-61.7167	Guadeloupe	0101000020E610000088855AD3BCDB4EC00000000000003040	1	Good
225	Capitol Hill	15.2137	145.7546	Northern Mariana Islands	0101000020E6100000F931E6AE25386240764F1E166A6D2E40	1	Good
227	Stanley	-51.7	-57.85	Falkland Islands (Islas Malvinas)	0101000020E6100000CDCCCCCCCCEC4CC09A99999999D949C0	1	Good
229	Alofi	-19.056	-169.921	Niue	0101000020E6100000B6F3FDD4783D65C075931804560E33C0	1	Good
230	Hagåtña	13.4745	144.7504	Guam	0101000020E6100000645DDC46031862406DE7FBA9F1F22A40	1	Good
231	Jamestown	-15.9251	-5.7179	Saint Helena, Ascension, And Tristan Da Cunha	0101000020E61000009031772D21DF16C0280F0BB5A6D92FC0	1	Good
233	Philipsburg	18.0256	-63.0492	Sint Maarten	0101000020E61000004A7B832F4C864FC011C7BAB88D063240	1	Good
234	Road Town	18.4167	-64.6167	Virgin Islands, British	0101000020E61000005DDC4603782750C0423EE8D9AC6A3240	1	Good
235	Gustavia	17.8958	-62.8508	Saint Barthelemy	0101000020E6100000E9B7AF03E76C4FC0BEC1172653E53140	1	Good
1	Tokyo	35.6897	139.6922	Japan	0101000020E610000052499D80267661408E06F01648D84140	1	Good
3	Manila	14.6	120.9833	Philippines	0101000020E6100000098A1F63EE3E5E403333333333332D40	1	Good
13	Kinshasa	-4.3233	15.3081	Congo (Kinshasa)	0101000020E610000092CB7F48BF9D2E40EC2FBB270F4B11C0	1	Good
28	Singapore	1.3	103.8	Singapore	0101000020E61000003333333333F35940CDCCCCCCCCCCF43F	1	Good
45	Pyongyang	39.03	125.73	Korea, North	0101000020E61000001F85EB51B86E5F40A4703D0AD7834340	1	Good
50	Yaoundé	3.8578	11.5181	Cameroon	0101000020E61000007E1D3867440927400612143FC6DC0E40	1	Good
56	Phnom Penh	11.5696	104.921	Cambodia	0101000020E61000006DE7FBA9F13A5A406B9A779CA2232740	1	Good
62	Vienna	48.2083	16.3731	Austria	0101000020E61000003A234A7B835F3040DFE00B93A91A4840	1	Good
69	Budapest	47.4983	19.0408	Hungary	0101000020E610000043AD69DE710A334064CC5D4BC8BF4740	1	Good
81	Doha	25.3	51.5333	Qatar	0101000020E6100000787AA52C43C44940CDCCCCCCCC4C3940	1	Good
90	Tbilisi	41.7225	44.7925	Georgia	0101000020E61000003D0AD7A37065464014AE47E17ADC4440	1	Good
95	Tunis	36.8008	10.18	Tunisia	0101000020E61000005C8FC2F5285C24408351499D80664240	1	Good
107	Freetown	8.4833	-13.2331	Sierra Leone	0101000020E61000002C6519E258772AC04850FC1873F72040	1	Good
110	Panama City	9	-79.5	Panama	0101000020E61000000000000000E053C00000000000002240	1	Good
120	Pretoria	-25.7464	28.1881	South Africa	0101000020E6100000AA60545227303C4002BC051214BF39C0	1	Good
121	Oslo	59.9111	10.7528	Norway	0101000020E61000008CDB68006F8125405BB1BFEC9EF44D40	1	Good
132	San Salvador	13.6989	-89.1914	El Salvador	0101000020E6100000151DC9E53F4C56C04B598638D6652B40	1	Good
140	Wellington	-41.2889	174.7772	New Zealand	0101000020E610000070CE88D2DED865403EE8D9ACFAA444C0	1	Good
162	Georgetown	6.7833	-58.1667	Guyana	0101000020E6100000211FF46C56154DC0C3D32B6519221B40	1	Good
163	Malabo	3.7521	8.7737	Equatorial Guinea	0101000020E610000095D40968228C2140A3923A014D040E40	1	Good
164	Gibraltar	36.1324	-5.3781	Gibraltar	0101000020E61000006C787AA52C8315C0C5FEB27BF2104240	1	Good
165	Saint-Denis	-20.8789	55.4481	Reunion	0101000020E610000036AB3E575BB94B4054742497FFE034C0	1	Good
169	Port Louis	-20.1667	57.5	Mauritius	0101000020E61000000000000000C04C40423EE8D9AC2A34C0	1	Good
170	Willemstad	12.108	-68.935	Curaçao	0101000020E6100000A4703D0AD73B51C09EEFA7C64B372840	1	Good
172	Bern	46.948	7.4474	Switzerland	0101000020E6100000EEEBC03923CA1D40D34D621058794740	1	Good
173	Papeete	-17.5334	-149.5667	French Polynesia	0101000020E610000095D4096822B262C0B8AF03E78C8831C0	1	Good
174	Reykjavík	64.1475	-21.935	Iceland	0101000020E61000008FC2F5285CEF35C03D0AD7A370095040	1	Good
176	Luxembourg	49.6106	6.1328	Luxembourg	0101000020E61000009CA223B9FC87184003780B2428CE4840	1	Good
178	Bridgetown	13.0975	-59.6167	Barbados	0101000020E6100000BBB88D06F0CE4DC052B81E85EB312A40	1	Good
180	Thimphu	27.4833	89.6333	Bhutan	0101000020E6100000A323B9FC8768564024287E8CB97B3B40	1	Good
181	Mbabane	-26.3208	31.1617	Swaziland	0101000020E610000061C3D32B65293F408A8EE4F21F523AC0	1	Good
182	Nouméa	-22.2625	166.4443	New Caledonia	0101000020E61000009C33A2B437CE644033333333334336C0	1	Good
183	Honiara	-9.4333	159.95	Solomon Islands	0101000020E61000006666666666FE6340AEB6627FD9DD22C0	1	Good
184	Suva	-18.1333	178.4333	Fiji	0101000020E61000006B2BF697DD4D66408A8EE4F21F2232C0	1	Good
185	Castries	14.0167	-60.9833	Saint Lucia	0101000020E610000012143FC6DC7D4EC0B8AF03E78C082C40	1	Good
187	São Tomé	0.3333	6.7333	Sao Tome And Principe	0101000020E610000090A0F831E6EE1A40696FF085C954D53F	1	Good
188	Port-Vila	-17.7333	168.3167	Vanuatu	0101000020E610000095D40968220A654024287E8CB9BB31C0	1	Good
189	Hamilton	32.2942	-64.7839	Bermuda	0101000020E610000067D5E76A2B3250C0D93D7958A8254040	1	Good
190	Bandar Seri Begawan	4.9167	114.9167	Brunei	0101000020E6100000910F7A36ABBA5C4009F9A067B3AA1340	1	Good
191	Monaco	43.7396	7.4069	Monaco	0101000020E610000038F8C264AAA01D40910F7A36ABDE4540	1	Good
194	Apia	-13.8333	-171.8333	Samoa	0101000020E610000038F8C264AA7A65C07B832F4CA6AA2BC0	1	Good
195	Douglas	54.15	-4.4819	Isle Of Man	0101000020E610000005C58F3177ED11C03333333333134B40	1	Good
196	Oranjestad	12.5186	-70.0358	Aruba	0101000020E6100000984C158C4A8251C044696FF085092940	1	Good
197	Saint Helier	49.1833	-2.1167	Jersey	0101000020E6100000AC8BDB6800EF00C0ACADD85F76974840	1	Good
198	Vaduz	47.1415	9.5215	Liechtenstein	0101000020E61000005EBA490C020B2340273108AC1C924740	1	Good
200	Mamoudzou	-12.7871	45.275	Mayotte	0101000020E61000003333333333A34640FB5C6DC5FE9229C0	1	Good
202	Tarawa	1.3382	173.0176	Kiribati	0101000020E61000001B0DE02D90A065407E1D38674469F53F	1	Good
145	Port Moresby	-9.4789	147.1494	Papua New Guinea	0101000020E6100000B84082E2C7646240DA1B7C6132F522C0	1	Good
152	San José	9.9333	-84.0833	Costa Rica	0101000020E61000006FF085C9540555C0AEB6627FD9DD2340	1	Good
159	Paramaribo	5.8667	-55.1667	Suriname	0101000020E6100000211FF46C56954BC0D6C56D3480771740	1	Good
160	Dili	-8.5586	125.5736	Timor-Leste	0101000020E6100000143FC6DCB5645F405917B7D1001E21C0	1	Good
167	Podgorica	42.4397	19.2661	Montenegro	0101000020E610000032772D211F4433408E06F01648384540	1	Good
168	Manama	26.225	50.5775	Bahrain	0101000020E610000052B81E85EB4949409A99999999393A40	1	Good
179	Moroni	-11.7036	43.2536	Comoros	0101000020E6100000FF21FDF675A0454063EE5A423E6827C0	1	Good
186	Cayenne	4.933	-52.33	French Guiana	0101000020E61000000AD7A3703D2A4AC008AC1C5A64BB1340	1	Good
193	Port of Spain	10.6667	-61.5167	Trinidad And Tobago	0101000020E6100000EEEBC03923C24EC0857CD0B359552540	1	Good
201	Majuro	7.0918	171.3802	Marshall Islands	0101000020E61000000EBE30992A6C65405917B7D1005E1C40	1	Good
209	Nuuk	64.175	-51.7333	Greenland	0101000020E610000012143FC6DCDD49C033333333330B5040	1	Good
223	San Marino	43.932	12.4484	San Marino	0101000020E6100000840D4FAF94E528409EEFA7C64BF74540	1	Good
228	Vatican City	41.9	12.4478	Vatican City	0101000020E6100000304CA60A46E528403333333333F34440	1	Good
232	Marigot	18.0706	-63.0847	Saint Martin	0101000020E610000050FC1873D78A4FC0FC1873D712123240	1	Good
236	Saint-Pierre	46.7811	-56.1764	Saint Pierre And Miquelon	0101000020E6100000D881734694164CC0EB73B515FB634740	1	Good
237	The Valley	18.2167	-63.05	Anguilla	0101000020E61000006666666666864FC00F0BB5A679373240	1	Good
238	Mata-Utu	-13.2825	-176.1736	Wallis And Futuna	0101000020E6100000BD5296218E0566C0713D0AD7A3902AC0	1	Good
239	Kingston	-29.0569	167.9617	Norfolk Island	0101000020E61000000612143FC6FE6440742497FF900E3DC0	1	Good
240	Ngerulmud	7.5006	134.6242	Palau	0101000020E610000039454772F9D36040AA8251499D001E40	1	Good
243	Longyearbyen	78.2167	15.6333	Svalbard	0101000020E6100000151DC9E53F442F40C442AD69DE8D5340	1	Good
244	Adamstown	-25.0667	-130.0833	Pitcairn Islands	0101000020E610000038F8C264AA4260C0A9A44E40131139C0	1	Good
245	Flying Fish Cove	-10.4167	105.7167	Christmas Island	0101000020E6100000C442AD69DE6D5A40857CD0B359D524C0	1	Good
\.


--
-- Data for Name: air_quality_31_12_2021; Type: TABLE DATA; Schema: world_air_quality_schema; Owner: docker
--

COPY world_air_quality_schema.air_quality_31_12_2021 (ogc_fid, city, lat, lng, country, wkb_geometry, air_quality_int, air_quality_str) FROM stdin;
35	Kabul	34.5328	69.1658	Afghanistan	0101000020E6100000516B9A779C4A514087A757CA32444140	1	Good
161	Pristina	42.6667	21.1667	Kosovo	0101000020E6100000423EE8D9AC2A3540211FF46C56554540	2	Moderate
53	Baku	40.3667	49.8352	Azerbaijan	0101000020E610000042CF66D5E7EA4840BBB88D06F02E4440	2	Moderate
36	Berlin	52.5167	13.3833	Germany	0101000020E6100000151DC9E53FC42A40EEEBC03923424A40	1	Good
56	Phnom Penh	11.5696	104.921	Cambodia	0101000020E61000006DE7FBA9F13A5A406B9A779CA2232740	2	Moderate
58	Bamako	12.6458	-7.9922	Mali	0101000020E6100000645DDC4603F81FC07B832F4CA64A2940	2	Moderate
39	Brasília	-15.7939	-47.8828	Brazil	0101000020E610000054742497FFF047C0BC96900F7A962FC0	1	Good
65	Brazzaville	-4.2667	15.2833	Congo (Brazzaville)	0101000020E6100000E2E995B20C912E40705F07CE191111C0	2	Moderate
41	Kyiv	50.45	30.5236	Ukraine	0101000020E6100000832F4CA60A863E409A99999999394940	1	Good
70	Lusaka	-15.4167	28.2833	Zambia	0101000020E6100000F1F44A5986483C40857CD0B359D52EC0	2	Moderate
71	Conakry	9.5092	-13.7122	Guinea	0101000020E6100000226C787AA56C2BC0143FC6DCB5042340	2	Moderate
74	Muscat	23.6139	58.5922	Oman	0101000020E61000007958A835CD4B4D40B003E78C289D3740	2	Moderate
76	Ulaanbaatar	47.9203	106.9172	Mongolia	0101000020E610000009F9A067B3BA5A402041F163CCF54740	2	Moderate
77	Belgrade	44.8167	20.4667	Serbia	0101000020E61000000F0BB5A679773440545227A089684640	2	Moderate
42	Sanaa	15.35	44.2	Yemen	0101000020E61000009A999999991946403333333333B32E40	1	Good
44	La Paz	-16.4942	-68.1475	Bolivia	0101000020E61000003D0AD7A3700951C0E6AE25E4837E30C0	1	Good
46	Taipei	25.0478	121.5319	Taiwan	0101000020E6100000832F4CA60A625E40B1BFEC9E3C0C3940	1	Good
48	Santo Domingo	18.4764	-69.8933	Dominican Republic	0101000020E61000001361C3D32B7951C07DD0B359F5793240	1	Good
105	Stockholm	59.3294	18.0686	Sweden	0101000020E61000006F8104C58F113240B5A679C729AA4D40	1	Good
106	Asmara	15.3333	38.9167	Eritrea	0101000020E6100000211FF46C567543407B832F4CA6AA2E40	1	Good
110	Panama City	9	-79.5	Panama	0101000020E61000000000000000E053C00000000000002240	1	Good
111	Amsterdam	52.3667	4.8833	Netherlands	0101000020E61000002A3A92CB7F881340BBB88D06F02E4A40	1	Good
112	Lomé	6.1319	1.2228	Togo	0101000020E6100000E3C798BB9690F33F9E5E29CB10871840	1	Good
113	Libreville	0.3901	9.4544	Gabon	0101000020E6100000D49AE61DA7E82240BADA8AFD65F7D83F	1	Good
116	Lilongwe	-13.9833	33.7833	Malawi	0101000020E6100000787AA52C43E440404850FC1873F72BC0	1	Good
117	Cotonou	6.4	2.52	Benin	0101000020E6100000295C8FC2F52804409A99999999991940	1	Good
194	Apia	-13.8333	-171.8333	Samoa	0101000020E610000038F8C264AA7A65C07B832F4CA6AA2BC0	1	Good
226	Basse-Terre	16	-61.7167	Guadeloupe	0101000020E610000088855AD3BCDB4EC00000000000003040	1	Good
227	Stanley	-51.7	-57.85	Falkland Islands (Islas Malvinas)	0101000020E6100000CDCCCCCCCCEC4CC09A99999999D949C0	1	Good
229	Alofi	-19.056	-169.921	Niue	0101000020E6100000B6F3FDD4783D65C075931804560E33C0	1	Good
230	Hagåtña	13.4745	144.7504	Guam	0101000020E6100000645DDC46031862406DE7FBA9F1F22A40	1	Good
232	Marigot	18.0706	-63.0847	Saint Martin	0101000020E610000050FC1873D78A4FC0FC1873D712123240	1	Good
121	Oslo	59.9111	10.7528	Norway	0101000020E61000008CDB68006F8125405BB1BFEC9EF44D40	1	Good
122	Athens	37.9842	23.7281	Greece	0101000020E6100000B537F8C264BA3740925CFE43FAFD4240	1	Good
203	George Town	19.2866	-81.3744	Cayman Islands	0101000020E6100000D5E76A2BF65754C09A081B9E5E493340	1	Good
205	Kingstown	13.1667	-61.2333	Saint Vincent And The Grenadines	0101000020E610000012143FC6DC9D4EC0857CD0B359552A40	1	Good
204	Victoria	-4.6236	55.4544	Seychelles	0101000020E6100000B5A679C729BA4B40742497FF907E12C0	1	Good
3	Manila	14.6	120.9833	Philippines	0101000020E6100000098A1F63EE3E5E403333333333332D40	3	Unhealthy for Sensitive Group
138	Tirana	41.33	19.82	Albania	0101000020E610000052B81E85EBD133400AD7A3703DAA4440	2	Moderate
196	Oranjestad	12.5186	-70.0358	Aruba	0101000020E6100000984C158C4A8251C044696FF085092940	1	Good
9	Bangkok	13.75	100.5167	Thailand	0101000020E6100000F775E09C112159400000000000802B40	3	Unhealthy for Sensitive Group
49	Guatemala City	14.6099	-90.5252	Guatemala	0101000020E6100000FDF675E09CA156C02AA913D044382D40	3	Unhealthy for Sensitive Group
143	Bissau	11.8592	-15.5956	Guinea-Bissau	0101000020E6100000C5FEB27BF2302FC04772F90FE9B72740	2	Moderate
19	Kuala Lumpur	3.1478	101.6953	Malaysia	0101000020E61000002A3A92CB7F6C594058CA32C4B12E0940	4	Unhealthy
21	Hong Kong	22.305	114.185	Hong Kong	0101000020E6100000A4703D0AD78B5C40AE47E17A144E3640	4	Unhealthy
154	Sarajevo	43.8667	18.4167	Bosnia And Herzegovina	0101000020E6100000423EE8D9AC6A3240BBB88D06F0EE4540	2	Moderate
30	Ankara	39.93	32.85	Turkey	0101000020E6100000CDCCCCCCCC6C4040D7A3703D0AF74340	4	Unhealthy
195	Douglas	54.15	-4.4819	Isle Of Man	0101000020E610000005C58F3177ED11C03333333333134B40	1	Good
43	Rome	41.8931	12.4828	Italy	0101000020E61000008104C58F31F728405F07CE1951F24440	4	Unhealthy
54	Harare	-17.8292	31.0522	Zimbabwe	0101000020E6100000E8D9ACFA5C0D3F40DCD7817346D431C0	4	Unhealthy
177	Sri Jayewardenepura Kotte	6.9	79.9164	Sri Lanka	0101000020E61000007B832F4CA6FA53409A99999999991B40	2	Moderate
73	Ouagadougou	12.3572	-1.5353	Burkina Faso	0101000020E6100000E3C798BB9690F8BF2D431CEBE2B62840	4	Unhealthy
198	Vaduz	47.1415	9.5215	Liechtenstein	0101000020E61000005EBA490C020B2340273108AC1C924740	1	Good
241	Tifariti	26.0928	-10.6089	Morocco	0101000020E61000009D11A5BDC13725C09D11A5BDC1173A40	2	Moderate
242	Tifariti	26.0928	-10.6089	Western Sahara	0101000020E61000009D11A5BDC13725C09D11A5BDC1173A40	2	Moderate
197	Saint Helier	49.1833	-2.1167	Jersey	0101000020E6100000AC8BDB6800EF00C0ACADD85F76974840	1	Good
206	Saint John’s	17.1211	-61.8447	Antigua And Barbuda	0101000020E610000032772D211FEC4EC0AC8BDB68001F3140	1	Good
224	Al Quds	31.7764	35.2269	West Bank	0101000020E610000030BB270F0B9D4140499D8026C2C63F40	2	Moderate
207	Nuku‘alofa	-21.1347	-175.2083	Tonga	0101000020E610000038F8C264AAE665C06DC5FEB27B2235C0	1	Good
208	Andorra la Vella	42.5	1.5	Andorra	0101000020E6100000000000000000F83F0000000000404540	1	Good
210	Belmopan	17.25	-88.7675	Belize	0101000020E610000085EB51B81E3156C00000000000403140	1	Good
214	Pago Pago	-14.274	-170.7046	American Samoa	0101000020E61000005F984C158C5665C03F355EBA498C2CC0	1	Good
216	Gaza	31.5069	34.456	Gaza Strip	0101000020E6100000EE7C3F355E3A4140A857CA32C4813F40	1	Good
218	Palikir	6.9178	158.185	Micronesia, Federated States Of	0101000020E610000052B81E85EBC56340401361C3D3AB1B40	1	Good
215	Valletta	35.8978	14.5125	Malta	0101000020E61000006666666666062D40A52C431CEBF24140	1	Good
223	San Marino	43.932	12.4484	San Marino	0101000020E6100000840D4FAF94E528409EEFA7C64BF74540	3	Unhealthy for Sensitive Group
152	San José	9.9333	-84.0833	Costa Rica	0101000020E61000006FF085C9540555C0AEB6627FD9DD2340	1	Good
153	Ljubljana	46.05	14.5167	Slovenia	0101000020E6100000B8AF03E78C082D406666666666064740	1	Good
11	Dhaka	23.7289	90.3944	Bangladesh	0101000020E6100000B7627FD93D995640ED0DBE3099BA3740	3	Unhealthy for Sensitive Group
31	Rangoon	16.8	96.15	Myanmar	0101000020E61000009A99999999095840CDCCCCCCCCCC3040	3	Unhealthy for Sensitive Group
150	Porto-Novo	6.4833	2.6167	Benin	0101000020E6100000AC8BDB6800EF044090A0F831E6EE1940	1	Good
175	Praia	14.9177	-23.5092	Cabo Verde	0101000020E61000008A1F63EE5A8237C012143FC6DCD52D40	4	Unhealthy
59	Quito	-0.2186	-78.5097	Ecuador	0101000020E61000005BB1BFEC9EA053C0B3EA73B515FBCBBF	1	Good
60	Minsk	53.9022	27.5618	Belarus	0101000020E61000008FE4F21FD28F3B40C139234A7BF34A40	1	Good
66	Warsaw	52.2167	21.0333	Poland	0101000020E6100000F1F44A598608354088855AD3BC1B4A40	1	Good
211	Roseau	15.3	-61.3833	Dominica	0101000020E6100000454772F90FB14EC09A99999999992E40	1	Good
212	Basseterre	17.2983	-62.7342	Saint Kitts And Nevis	0101000020E6100000925CFE43FA5D4FC0956588635D4C3140	1	Good
213	Tórshavn	62	-6.7833	Faroe Islands	0101000020E6100000C3D32B6519221BC00000000000004F40	1	Good
17	Bogotá	4.6126	-74.0705	Colombia	0101000020E61000008D976E12838452C04F1E166A4D731240	1	Good
158	Gaborone	-24.6569	25.9086	Botswana	0101000020E6100000462575029AE839400EBE30992AA838C0	1	Good
159	Paramaribo	5.8667	-55.1667	Suriname	0101000020E6100000211FF46C56954BC0D6C56D3480771740	1	Good
163	Malabo	3.7521	8.7737	Equatorial Guinea	0101000020E610000095D40968228C2140A3923A014D040E40	1	Good
164	Gibraltar	36.1324	-5.3781	Gibraltar	0101000020E61000006C787AA52C8315C0C5FEB27BF2104240	1	Good
165	Saint-Denis	-20.8789	55.4481	Reunion	0101000020E610000036AB3E575BB94B4054742497FFE034C0	1	Good
170	Willemstad	12.108	-68.935	Curaçao	0101000020E6100000A4703D0AD73B51C09EEFA7C64B372840	1	Good
87	Kigali	-1.9536	30.0606	Rwanda	0101000020E61000003A234A7B830F3E401973D712F241FFBF	2	Moderate
91	N’Djamena	12.11	15.05	Chad	0101000020E61000009A99999999192E40B81E85EB51382840	2	Moderate
92	Yerevan	40.1814	44.5144	Armenia	0101000020E6100000FD87F4DBD741464048BF7D1D38174440	2	Moderate
108	Jerusalem	31.7833	35.2167	Israel	0101000020E610000088855AD3BC9B4140F1F44A5986C83F40	2	Moderate
109	Bangui	4.3732	18.5628	Central African Republic	0101000020E610000055302AA91390324003780B24287E1140	2	Moderate
114	Zagreb	45.8	15.95	Croatia	0101000020E61000006666666666E62F406666666666E64640	2	Moderate
118	Vientiane	17.9667	102.6	Laos	0101000020E61000006666666666A659400F0BB5A679F73140	2	Moderate
119	Colombo	6.9167	79.8333	Sri Lanka	0101000020E61000006FF085C954F5534009F9A067B3AA1B40	2	Moderate
1	Tokyo	35.6897	139.6922	Japan	0101000020E610000052499D80267661408E06F01648D84140	1	Good
2	Jakarta	-6.2146	106.8451	Indonesia	0101000020E610000060764F1E16B65A40EBE2361AC0DB18C0	1	Good
50	Yaoundé	3.8578	11.5181	Cameroon	0101000020E61000007E1D3867440927400612143FC6DC0E40	1	Good
57	Mogadishu	2.0408	45.3425	Somalia	0101000020E6100000A4703D0AD7AB4640166A4DF38E530040	1	Good
69	Budapest	47.4983	19.0408	Hungary	0101000020E610000043AD69DE710A334064CC5D4BC8BF4740	1	Good
75	The Hague	52.0767	4.2986	Netherlands	0101000020E6100000A857CA32C431114036CD3B4ED1094A40	1	Good
18	Luanda	-8.8383	13.2344	Angola	0101000020E6100000645DDC4603782A403E7958A835AD21C0	1	Good
23	Santiago	-33.45	-70.6667	Chile	0101000020E6100000910F7A36ABAA51C09A99999999B940C0	1	Good
162	Georgetown	6.7833	-58.1667	Guyana	0101000020E6100000211FF46C56154DC0C3D32B6519221B40	1	Good
67	Damascus	33.5131	36.2919	Syria	0101000020E6100000E8D9ACFA5C254240EFC9C342ADC14040	1	Good
26	Madrid	40.4167	-3.7167	Spain	0101000020E61000007958A835CDBB0DC0211FF46C56354440	4	Unhealthy
38	Addis Ababa	9.0272	38.7369	Ethiopia	0101000020E610000011363CBD525E434004E78C28ED0D2240	4	Unhealthy
20	Hanoi	21.0245	105.8412	Vietnam	0101000020E61000004B598638D6755A4083C0CAA145063540	6	Hazardous
25	Dar es Salaam	-6.8	39.2833	Tanzania	0101000020E6100000787AA52C43A443403333333333331BC0	1	Good
28	Singapore	1.3	103.8	Singapore	0101000020E61000003333333333F35940CDCCCCCCCCCCF43F	1	Good
29	Nairobi	-1.2864	36.8172	Kenya	0101000020E6100000462575029A684240BE30992A1895F4BF	1	Good
174	Reykjavík	64.1475	-21.935	Iceland	0101000020E61000008FC2F5285CEF35C03D0AD7A370095040	1	Good
176	Luxembourg	49.6106	6.1328	Luxembourg	0101000020E61000009CA223B9FC87184003780B2428CE4840	1	Good
169	Port Louis	-20.1667	57.5	Mauritius	0101000020E61000000000000000C04C40423EE8D9AC2A34C0	1	Good
173	Papeete	-17.5334	-149.5667	French Polynesia	0101000020E610000095D4096822B262C0B8AF03E78C8831C0	1	Good
68	Brussels	50.8333	4.3333	Belgium	0101000020E6100000F7065F984C551140DFE00B93A96A4940	1	Good
78	Sofia	42.6979	23.3217	Bulgaria	0101000020E61000008A1F63EE5A5237406FF085C954594540	1	Good
79	Prague	50.0833	14.4167	Czechia	0101000020E6100000857CD0B359D52C40DFE00B93A90A4940	1	Good
80	Montevideo	-34.8667	-56.1667	Uruguay	0101000020E6100000211FF46C56154CC0BBB88D06F06E41C0	1	Good
83	Maputo	-25.9153	32.5764	Mozambique	0101000020E61000000BB5A679C74940405F07CE1951EA39C0	1	Good
120	Pretoria	-25.7464	28.1881	South Africa	0101000020E6100000AA60545227303C4002BC051214BF39C0	1	Good
132	San Salvador	13.6989	-89.1914	El Salvador	0101000020E6100000151DC9E53F4C56C04B598638D6652B40	2	Moderate
134	Lisbon	38.7452	-9.1604	Portugal	0101000020E61000008A8EE4F21F5222C0567DAEB6625F4340	2	Moderate
33	Abidjan	5.3364	-4.0267	Côte D’Ivoire	0101000020E61000007A36AB3E571B10C0637FD93D79581540	2	Moderate
34	Amman	31.95	35.9333	Jordan	0101000020E6100000ACADD85F76F741403333333333F33F40	2	Moderate
37	Algiers	36.7764	3.0586	Algeria	0101000020E6100000645DDC4603780840A54E401361634240	2	Moderate
40	Kuwait City	29.375	47.98	Kuwait	0101000020E61000003D0AD7A370FD47400000000000603D40	2	Moderate
47	Antananarivo	-18.9386	47.5214	Madagascar	0101000020E61000003411363CBDC247408E06F01648F032C0	2	Moderate
135	Tallinn	59.4372	24.745	Estonia	0101000020E61000001F85EB51B8BE3840D5E76A2BF6B74D40	1	Good
160	Dili	-8.5586	125.5736	Timor-Leste	0101000020E6100000143FC6DCB5645F405917B7D1001E21C0	1	Good
166	Male	4.175	73.5083	Maldives	0101000020E6100000A323B9FC876052403333333333B31040	1	Good
172	Bern	46.948	7.4474	Switzerland	0101000020E6100000EEEBC03923CA1D40D34D621058794740	1	Good
146	Yamoussoukro	6.8161	-5.2742	Côte D’Ivoire	0101000020E6100000B84082E2C71815C0F90FE9B7AF431B40	1	Good
147	Maseru	-29.31	27.48	Lesotho	0101000020E61000007B14AE47E17A3B408FC2F5285C4F3DC0	1	Good
149	Windhoek	-22.57	17.0836	Namibia	0101000020E610000013F241CF6615314052B81E85EB9136C0	1	Good
131	Vilnius	54.6833	25.2833	Lithuania	0101000020E6100000F1F44A5986483940ACADD85F76574B40	1	Good
192	Gitega	-3.4264	29.9306	Burundi	0101000020E610000058A835CD3BEE3D407E1D386744690BC0	4	Unhealthy
228	Vatican City	41.9	12.4478	Vatican City	0101000020E6100000304CA60A46E528403333333333F34440	4	Unhealthy
5	Mexico City	19.4333	-99.1333	Mexico	0101000020E6100000A323B9FC87C858C0575BB1BFEC6E3340	5	Very Unhealthy
72	Kampala	0.3136	32.5811	Uganda	0101000020E610000051DA1B7C614A40406EA301BC0512D43F	5	Very Unhealthy
133	Djibouti	11.595	43.1481	Djibouti	0101000020E6100000D044D8F0F4924540713D0AD7A3302740	1	Good
136	Cape Town	-33.925	18.425	South Africa	0101000020E6100000CDCCCCCCCC6C32406666666666F640C0	1	Good
137	Bratislava	48.1447	17.1128	Slovakia	0101000020E610000022FDF675E01C314098DD938785124840	1	Good
139	Canberra	-35.2931	149.1269	Australia	0101000020E610000099BB96900FA46240933A014D84A541C0	1	Good
140	Wellington	-41.2889	174.7772	New Zealand	0101000020E610000070CE88D2DED865403EE8D9ACFAA444C0	1	Good
142	Dodoma	-6.1835	35.746	Tanzania	0101000020E6100000736891ED7CDF414096438B6CE7BB18C0	1	Good
144	Juba	4.85	31.6	South Sudan	0101000020E61000009A99999999993F406666666666661340	1	Good
145	Port Moresby	-9.4789	147.1494	Papua New Guinea	0101000020E6100000B84082E2C7646240DA1B7C6132F522C0	1	Good
151	Sucre	-19.0431	-65.2592	Bolivia	0101000020E6100000E3C798BB965050C02575029A080B33C0	1	Good
6	Beijing	39.905	116.3914	China	0101000020E6100000E2E995B20C195D40A4703D0AD7F34340	6	Hazardous
97	Ashgabat	37.95	58.3833	Turkmenistan	0101000020E6100000454772F90F314D409A99999999F94240	3	Unhealthy for Sensitive Group
98	Niamey	13.5086	2.1111	Niger	0101000020E61000004FAF946588E30040BF7D1D3867042B40	3	Unhealthy for Sensitive Group
82	Abuja	9.0556	7.4914	Nigeria	0101000020E61000008104C58F31F71D40B1506B9A771C2240	4	Unhealthy
12	Tehran	35.7	51.4167	Iran	0101000020E6100000211FF46C56B549409A99999999D94140	2	Moderate
86	Dakar	14.7319	-17.4572	Senegal	0101000020E610000030BB270F0B7531C082E2C798BB762D40	4	Unhealthy
94	Nouakchott	18.0858	-15.9785	Mauritania	0101000020E6100000A245B6F3FDF42FC02EFF21FDF6153240	4	Unhealthy
102	Islamabad	33.6989	73.0369	Pakistan	0101000020E61000003C4ED1915C4252405396218E75D94040	4	Unhealthy
103	Kathmandu	27.7167	85.3667	Nepal	0101000020E61000005DDC4603785755400F0BB5A679B73B40	5	Very Unhealthy
51	Tashkent	41.3	69.2667	Uzbekistan	0101000020E6100000F775E09C115151406666666666A64440	1	Good
52	Accra	5.6037	-0.187	Ghana	0101000020E6100000560E2DB29DEFC7BF7C613255306A1640	1	Good
55	Havana	23.1367	-82.3589	Cuba	0101000020E610000034A2B437F89654C0FB5C6DC5FE223740	1	Good
61	Caracas	10.5	-66.9333	Venezuela	0101000020E6100000D656EC2FBBBB50C00000000000002540	1	Good
62	Vienna	48.2083	16.3731	Austria	0101000020E61000003A234A7B835F3040DFE00B93A91A4840	1	Good
64	Asunción	-25.3	-57.6333	Paraguay	0101000020E6100000454772F90FD14CC0CDCCCCCCCC4C39C0	1	Good
178	Bridgetown	13.0975	-59.6167	Barbados	0101000020E6100000BBB88D06F0CE4DC052B81E85EB312A40	1	Good
179	Moroni	-11.7036	43.2536	Comoros	0101000020E6100000FF21FDF675A0454063EE5A423E6827C0	1	Good
181	Mbabane	-26.3208	31.1617	Swaziland	0101000020E610000061C3D32B65293F408A8EE4F21F523AC0	1	Good
182	Nouméa	-22.2625	166.4443	New Caledonia	0101000020E61000009C33A2B437CE644033333333334336C0	1	Good
183	Honiara	-9.4333	159.95	Solomon Islands	0101000020E61000006666666666FE6340AEB6627FD9DD22C0	1	Good
167	Podgorica	42.4397	19.2661	Montenegro	0101000020E610000032772D211F4433408E06F01648384540	2	Moderate
168	Manama	26.225	50.5775	Bahrain	0101000020E610000052B81E85EB4949409A99999999393A40	2	Moderate
180	Thimphu	27.4833	89.6333	Bhutan	0101000020E6100000A323B9FC8768564024287E8CB97B3B40	2	Moderate
191	Monaco	43.7396	7.4069	Monaco	0101000020E610000038F8C264AAA01D40910F7A36ABDE4540	2	Moderate
199	Banjul	13.4531	-16.5775	Gambia, The	0101000020E6100000A4703D0AD79330C09CA223B9FCE72A40	2	Moderate
184	Suva	-18.1333	178.4333	Fiji	0101000020E61000006B2BF697DD4D66408A8EE4F21F2232C0	1	Good
185	Castries	14.0167	-60.9833	Saint Lucia	0101000020E610000012143FC6DC7D4EC0B8AF03E78C082C40	1	Good
187	São Tomé	0.3333	6.7333	Sao Tome And Principe	0101000020E610000090A0F831E6EE1A40696FF085C954D53F	1	Good
188	Port-Vila	-17.7333	168.3167	Vanuatu	0101000020E610000095D40968220A654024287E8CB9BB31C0	1	Good
189	Hamilton	32.2942	-64.7839	Bermuda	0101000020E610000067D5E76A2B3250C0D93D7958A8254040	1	Good
190	Bandar Seri Begawan	4.9167	114.9167	Brunei	0101000020E6100000910F7A36ABBA5C4009F9A067B3AA1340	1	Good
171	New Delhi	28.7	77.2	India	0101000020E6100000CDCCCCCCCC4C53403333333333B33C40	5	Very Unhealthy
124	Helsinki	60.1756	24.9342	Finland	0101000020E610000057EC2FBB27EF3840BC96900F7A164E40	1	Good
126	Chisinau	47.0228	28.8353	Moldova	0101000020E61000004B598638D6D53C40A52C431CEB824740	1	Good
127	Riga	56.9475	24.1069	Latvia	0101000020E610000041F163CC5D1B3840E17A14AE47794C40	1	Good
128	Copenhagen	55.6761	12.5689	Denmark	0101000020E610000088635DDC46232940AD69DE718AD64B40	1	Good
130	Rabat	34.0253	-6.8361	Morocco	0101000020E61000000EBE30992A581BC05E4BC8073D034140	1	Good
4	Seoul	37.56	126.99	Korea, South	0101000020E61000008FC2F5285CBF5F4048E17A14AEC74240	1	Good
233	Philipsburg	18.0256	-63.0492	Sint Maarten	0101000020E61000004A7B832F4C864FC011C7BAB88D063240	1	Good
234	Road Town	18.4167	-64.6167	Virgin Islands, British	0101000020E61000005DDC4603782750C0423EE8D9AC6A3240	1	Good
235	Gustavia	17.8958	-62.8508	Saint Barthelemy	0101000020E6100000E9B7AF03E76C4FC0BEC1172653E53140	1	Good
90	Tbilisi	41.7225	44.7925	Georgia	0101000020E61000003D0AD7A37065464014AE47E17ADC4440	1	Good
96	Bishkek	42.8667	74.5667	Kyrgyzstan	0101000020E61000002AA913D044A45240BBB88D06F06E4540	1	Good
100	Monrovia	6.3106	-10.8047	Liberia	0101000020E6100000B22E6EA3019C25C0E78C28ED0D3E1940	1	Good
115	Dushanbe	38.5731	68.7864	Tajikistan	0101000020E6100000C364AA605432514036AB3E575B494340	1	Good
129	Kingston	17.9714	-76.7931	Jamaica	0101000020E6100000499D8026C23253C09B559FABADF83140	1	Good
8	Moscow	55.7558	37.6178	Russia	0101000020E610000002BC051214CF42408D28ED0DBEE04B40	1	Good
155	Nassau	25.0667	-77.3333	Bahamas, The	0101000020E61000006FF085C9545553C0A9A44E4013113940	1	Good
156	Bloemfontein	-29.1	26.2167	South Africa	0101000020E61000000F0BB5A679373A409A99999999193DC0	1	Good
157	Fort-de-France	14.6104	-61.08	Martinique	0101000020E61000000AD7A3703D8A4EC0F1F44A5986382D40	1	Good
200	Mamoudzou	-12.7871	45.275	Mayotte	0101000020E61000003333333333A34640FB5C6DC5FE9229C0	1	Good
201	Majuro	7.0918	171.3802	Marshall Islands	0101000020E61000000EBE30992A6C65405917B7D1005E1C40	1	Good
27	Baghdad	33.35	44.4167	Iraq	0101000020E6100000211FF46C56354640CDCCCCCCCCAC4040	2	Moderate
32	Washington	38.9047	-77.0163	United States	0101000020E610000030BB270F0B4153C07958A835CD734340	2	Moderate
219	Funafuti	-8.5167	179.2167	Tuvalu	0101000020E610000062A1D634EF666640B8AF03E78C0821C0	1	Good
220	Lobamba	-26.4465	31.2064	Swaziland	0101000020E6100000F7E461A1D6343F40FCA9F1D24D723AC0	1	Good
221	Avarua	-21.207	-159.771	Cook Islands	0101000020E6100000E9263108ACF863C0A245B6F3FD3435C0	1	Good
222	Saint George’s	12.0444	-61.7417	Grenada	0101000020E6100000BBB88D06F0DE4EC082E2C798BB162840	1	Good
225	Capitol Hill	15.2137	145.7546	Northern Mariana Islands	0101000020E6100000F931E6AE25386240764F1E166A6D2E40	1	Good
16	Lima	-12.05	-77.0333	Peru	0101000020E61000003CBD5296214253C09A999999991928C0	1	Good
186	Cayenne	4.933	-52.33	French Guiana	0101000020E61000000AD7A3703D2A4AC008AC1C5A64BB1340	1	Good
193	Port of Spain	10.6667	-61.5167	Trinidad And Tobago	0101000020E6100000EEEBC03923C24EC0857CD0B359552540	1	Good
202	Tarawa	1.3382	173.0176	Kiribati	0101000020E61000001B0DE02D90A065407E1D38674469F53F	1	Good
209	Nuuk	64.175	-51.7333	Greenland	0101000020E610000012143FC6DCDD49C033333333330B5040	1	Good
217	Grand Turk	21.4664	-71.136	Turks And Caicos Islands	0101000020E610000062105839B4C851C0BADA8AFD65773540	1	Good
231	Jamestown	-15.9251	-5.7179	Saint Helena, Ascension, And Tristan Da Cunha	0101000020E61000009031772D21DF16C0280F0BB5A6D92FC0	1	Good
236	Saint-Pierre	46.7811	-56.1764	Saint Pierre And Miquelon	0101000020E6100000D881734694164CC0EB73B515FB634740	1	Good
237	The Valley	18.2167	-63.05	Anguilla	0101000020E61000006666666666864FC00F0BB5A679373240	1	Good
238	Mata-Utu	-13.2825	-176.1736	Wallis And Futuna	0101000020E6100000BD5296218E0566C0713D0AD7A3902AC0	1	Good
240	Ngerulmud	7.5006	134.6242	Palau	0101000020E610000039454772F9D36040AA8251499D001E40	1	Good
239	Kingston	-29.0569	167.9617	Norfolk Island	0101000020E61000000612143FC6FE6440742497FF900E3DC0	1	Good
243	Longyearbyen	78.2167	15.6333	Svalbard	0101000020E6100000151DC9E53F442F40C442AD69DE8D5340	1	Good
244	Adamstown	-25.0667	-130.0833	Pitcairn Islands	0101000020E610000038F8C264AA4260C0A9A44E40131139C0	1	Good
245	Flying Fish Cove	-10.4167	105.7167	Christmas Island	0101000020E6100000C442AD69DE6D5A40857CD0B359D524C0	1	Good
13	Kinshasa	-4.3233	15.3081	Congo (Kinshasa)	0101000020E610000092CB7F48BF9D2E40EC2FBB270F4B11C0	2	Moderate
22	Khartoum	15.6031	32.5265	Sudan	0101000020E610000008AC1C5A64434040696FF085C9342F40	2	Moderate
24	Riyadh	24.65	46.71	Saudi Arabia	0101000020E61000007B14AE47E15A47406666666666A63840	2	Moderate
125	Skopje	41.9833	21.4333	Macedonia	0101000020E6100000575BB1BFEC6E354012143FC6DCFD4440	2	Moderate
89	Tripoli	32.8752	13.1875	Libya	0101000020E61000000000000000602A40C7BAB88D06704040	3	Unhealthy for Sensitive Group
10	Buenos Aires	-34.5997	-58.3819	Argentina	0101000020E6100000D42B6519E2304DC0A2B437F8C24C41C0	1	Good
14	Paris	48.8566	2.3522	France	0101000020E6100000A835CD3B4ED1024076E09C11A56D4840	1	Good
15	London	51.5072	-0.1275	United Kingdom	0101000020E610000052B81E85EB51C0BFFE43FAEDEBC04940	1	Good
84	Dublin	53.3497	-6.2603	Ireland	0101000020E61000005F984C158C0A19C0A2B437F8C2AC4A40	1	Good
88	Tegucigalpa	14.0942	-87.2067	Honduras	0101000020E61000005305A3923ACD55C000917EFB3A302C40	1	Good
93	Nur-Sultan	51.1333	71.4333	Kazakhstan	0101000020E6100000D656EC2FBBDB5140454772F90F914940	1	Good
95	Tunis	36.8008	10.18	Tunisia	0101000020E61000005C8FC2F5285C24408351499D80664240	1	Good
99	Managua	12.15	-86.2667	Nicaragua	0101000020E6100000F775E09C119155C0CDCCCCCCCC4C2840	1	Good
101	Port-au-Prince	18.5425	-72.3386	Haiti	0101000020E61000003D9B559FAB1552C07B14AE47E18A3240	1	Good
104	Abu Dhabi	24.4781	54.3686	United Arab Emirates	0101000020E61000001EA7E8482E2F4B40B537F8C2647A3840	1	Good
7	Cairo	30.0561	31.2394	Egypt	0101000020E610000093A98251493D3F403C4ED1915C0E3E40	2	Moderate
45	Pyongyang	39.03	125.73	Korea, North	0101000020E61000001F85EB51B86E5F40A4703D0AD7834340	2	Moderate
63	Bucharest	44.4	26.0833	Romania	0101000020E6100000BEC1172653153A403333333333334640	2	Moderate
81	Doha	25.3	51.5333	Qatar	0101000020E6100000787AA52C43C44940CDCCCCCCCC4C3940	2	Moderate
85	Nay Pyi Taw	19.7475	96.115	Myanmar	0101000020E61000008FC2F5285C0758408FC2F5285CBF3340	2	Moderate
107	Freetown	8.4833	-13.2331	Sierra Leone	0101000020E61000002C6519E258772AC04850FC1873F72040	2	Moderate
123	Bujumbura	-3.3825	29.3611	Burundi	0101000020E6100000EA95B20C715C3D408FC2F5285C0F0BC0	2	Moderate
141	Beirut	33.8869	35.5131	Lebanon	0101000020E6100000EFC9C342ADC1414044696FF085F14040	2	Moderate
148	Nicosia	35.1725	33.365	Cyprus	0101000020E61000001F85EB51B8AE4040AE47E17A14964140	2	Moderate
\.


--
-- PostgreSQL database dump complete
--

